Community ID,Size,Major Regions
3682,392,United States
3386,173,China
2564,105,Brazil
4029,84,Russia
3682,78,Canada
3386,62,Japan
3316,62,Indonesia
507,59,India
3682,56,Mexico
3998,54,France
3998,45,United Kingdom
3682,44,Colombia
3998,42,Turkey
3998,41,Norway
3998,40,Spain
3998,39,Greece
3316,36,Australia
2131,35,Iran
3998,35,Sweden
3998,35,Italy
3361,33,Australia
3998,32,Germany
2006,31,Australia
2430,31,Philippines
3316,27,Malaysia
2564,26,Argentina
3998,26,Algeria
507,25,Saudi Arabia
5,23,Papua New Guinea
4075,23,French Polynesia
3361,22,New Zealand
1997,22,Vanuatu
507,21,Pakistan
3316,20,Thailand
3386,19,Vietnam
3998,19,Finland
813,18,South Africa
3693,18,United States
5967,18,United States
2908,17,Kazakhstan
3995,17,Greenland
3682,17,Venezuela
3682,16,Peru
1997,16,Solomon Islands
3682,15,Bahamas
3386,15,South Korea
3998,14,Portugal
2762,14,Bolivia
3774,14,United States
3316,14,Burma
3420,13,United States
507,13,Ethiopia
3682,13,Costa Rica
3998,12,Romania
3998,12,Ukraine
3386,12,Thailand
3682,12,Ecuador
3998,12,Morocco
5544,12,Canada
5496,11,Canada
3682,11,Chile
4029,11,Uzbekistan
3998,11,Poland
5487,10,Canada
813,10,Mozambique
3998,10,Russia
3998,10,Nigeria
3682,9,Cuba
507,9,Yemen
49,9,Canada
3386,9,Taiwan
3998,8,Denmark
7206,8,United States
4327,8,Norway
3093,8,Nepal
3361,8,Fiji
3998,8,Croatia
3998,8,Angola
100,8,Canada
202,8,Canada
3808,8,United States
3998,8,Tunisia
507,8,United Arab Emirates
507,8,Tanzania
3682,7,Dominican Republic
169,7,Canada
532,7,United Kingdom
2442,7,Argentina
3998,7,Cape Verde
3998,7,Libya
813,7,Zambia
149,7,Canada
3998,7,Ireland
507,7,Egypt
2003,7,New Caledonia
507,7,Bangladesh
6374,7,Mongolia
3682,7,Honduras
2851,6,Venezuela
507,6,Nigeria
5520,6,Canada
3322,6,Australia
3682,6,Puerto Rico
3998,6,Austria
155,6,Canada
813,6,Madagascar
507,6,Kenya
3599,5,United States
7424,5,Kenya
3017,5,India
2006,5,Cook Islands
3998,5,Ghana
3998,5,Belgium
3414,5,United States
1865,5,Panama
507,5,Somalia
3682,5,Netherlands Antilles
3998,5,Netherlands
3304,5,Malaysia
3998,5,Switzerland
1638,5,Congo (Kinshasa)
507,5,Sudan
3726,4,United States
5891,4,French Polynesia
3386,4,Russia
507,4,Sri Lanka
7146,4,United States
507,4,Afghanistan
2397,4,Philippines
3386,4,Laos
3998,4,Bulgaria
8256,4,Brazil
813,4,Botswana
11229,4,Congo (Kinshasa)
3043,4,India
813,4,Namibia
11,3,Iceland
3998,3,Bosnia and Herzegovina
507,3,Uganda
3998,3,Azerbaijan
3316,3,Maldives
3998,3,Georgia
2650,3,Chile
507,3,Maldives
2526,3,Brazil
953,3,Angola
3998,3,Mauritania
3998,3,Egypt
3998,3,Senegal
94,3,Canada
813,3,Zimbabwe
3682,3,Belize
3988,3,Brazil
3386,3,Cambodia
3998,3,Czech Republic
7111,3,United States
196,3,Canada
507,3,Iraq
3615,3,United States
3794,3,United States
3998,3,Lithuania
3998,3,Estonia
3316,3,Laos
3576,3,Colombia
507,3,Oman
916,3,Madagascar
2006,3,New Zealand
6134,3,United States
2948,3,Russia
3486,3,United States
7252,3,Canada
4029,3,Tajikistan
813,3,Angola
55,3,Canada
2789,3,Peru
3998,3,Cyprus
3682,3,Cayman Islands
4362,2,Russia
3682,2,Haiti
507,2,Seychelles
7374,2,Brazil
3386,2,Philippines
8199,2,United States
5547,2,Canada
2564,2,Uruguay
4029,2,Armenia
3998,2,Slovakia
3682,2,Saint Lucia
7207,2,United States
5469,2,Canada
5906,2,Vanuatu
3386,2,Mongolia
5510,2,Canada
3998,2,Cameroon
3998,2,Western Sahara
2564,2,Paraguay
4029,2,Azerbaijan
3491,2,United States
7634,2,Namibia
3998,2,Liberia
3998,2,Hungary
897,2,Congo (Kinshasa)
7078,2,United States
3682,2,Jamaica
3682,2,Guadeloupe
3386,2,Northern Mariana Islands
160,2,Canada
2487,2,Argentina
1028,2,Congo (Kinshasa)
2688,2,Ecuador
3682,2,Virgin Islands
5490,2,Canada
3764,2,United States
3998,2,Jordan
6040,2,Brazil
1037,2,Congo (Kinshasa)
3682,2,Trinidad and Tobago
507,2,Canada
3682,2,Guatemala
916,2,Reunion
7183,2,United States
6309,2,Australia
3998,2,Guernsey
1754,2,Turks and Caicos Islands
4029,2,Czech Republic
3682,2,Saint Kitts and Nevis
3998,2,Iraq
813,2,Malawi
3361,2,Wallis and Futuna
3682,2,Guyana
4029,2,Kyrgyzstan
897,2,Cameroon
3361,2,Kiribati
6265,2,Australia
3998,2,Israel
3998,2,Congo (Brazzaville)
5968,2,United States
5474,2,Canada
3998,2,Equatorial Guinea
507,2,Rwanda
507,2,Eritrea
1587,2,Israel
3998,2,Serbia
3998,2,Madagascar
3682,2,British Virgin Islands
5893,2,Vanuatu
3832,2,United States
3998,2,Burkina Faso
507,2,Iran
13009,1,Germany
8621,1,Germany
2022,1,New Zealand
9825,1,Nigeria
425,1,Finland
11648,1,United States
1885,1,Panama
8276,1,United States
8077,1,United States
8477,1,Canada
1886,1,Costa Rica
3507,1,United States
6128,1,United States
1549,1,Italy
10157,1,Ukraine
6369,1,Mongolia
7573,1,Australia
3788,1,United States
11810,1,Egypt
2820,1,Venezuela
1431,1,France
4236,1,Canada
2437,1,Argentina
3252,1,Indonesia
8052,1,United States
5458,1,Canada
13458,1,Nigeria
677,1,Poland
7080,1,United States
8286,1,United States
3090,1,India
3516,1,United States
343,1,Germany
5745,1,United States
4147,1,United States
8360,1,Canada
360,1,Germany
10162,1,United States
2379,1,South Korea
4223,1,United States
824,1,South Africa
2827,1,Venezuela
813,1,Congo (Kinshasa)
7260,1,Canada
83,1,Canada
13719,1,Portugal
13357,1,Greenland
1581,1,Czech Republic
3787,1,United States
201,1,Canada
205,1,Canada
8606,1,United States
11207,1,Brazil
3998,1,Congo (Kinshasa)
1426,1,France
4031,1,New Zealand
1045,1,Mali
2257,1,Marshall Islands
12055,1,China
1672,1,Switzerland
13478,1,China
11081,1,United States
689,1,Sweden
7494,1,United States
297,1,Togo
6100,1,Marshall Islands
5700,1,Sudan
7103,1,United States
8305,1,United States
705,1,Sweden
710,1,Sweden
8513,1,United States
8763,1,United States
11176,1,Brazil
3985,1,Yemen
11995,1,Russia
2196,1,Oman
13399,1,Brazil
5806,1,Slovakia
8618,1,Austria
423,1,Finland
12034,1,Australia
3637,1,United States
7046,1,Hungary
2058,1,Bahrain
7264,1,Canada
6074,1,Antigua and Barbuda
3316,1,Nauru
7293,1,Nicaragua
1698,1,Turkey
713,1,Sweden
11355,1,Papua New Guinea
2156,1,Iran
3957,1,Lithuania
7363,1,Colombia
567,1,United Kingdom
13777,1,Russia
1777,1,Honduras
8984,1,Australia
7984,1,United States
3789,1,United States
195,1,Canada
10017,1,United States
13623,1,French Polynesia
6840,1,Germany
12856,1,United States
7658,1,United States
11274,1,Australia
2484,1,Argentina
2685,1,Ecuador
1090,1,Mauritania
9892,1,Indonesia
7702,1,United States
11921,1,Japan
925,1,Madagascar
5530,1,Canada
7134,1,Germany
7544,1,Germany
9759,1,Bahamas
1160,1,Libya
7587,1,United States
8593,1,United States
3600,1,United States
9413,1,United States
1015,1,Malawi
427,1,Finland
9232,1,Germany
6233,1,Indonesia
2237,1,Syria
11843,1,United States
2847,1,Venezuela
461,1,Finland
9863,1,United Kingdom
146,1,Canada
1680,1,Switzerland
7500,1,Afghanistan
10545,1,Brazil
379,1,Germany
12618,1,Australia
11819,1,United States
2826,1,Venezuela
7446,1,Sudan
12046,1,Australia
11858,1,United States
3666,1,United States
13069,1,Lithuania
1670,1,Switzerland
3682,1,Martinique
11888,1,Italy
7098,1,United States
3301,1,Malaysia
11903,1,Iran
11910,1,Pakistan
8118,1,United States
8722,1,Madagascar
8323,1,United Kingdom
3733,1,United States
2737,1,Colombia
1548,1,Italy
560,1,United Kingdom
11761,1,Canada
3763,1,United States
13373,1,Greenland
200,1,Canada
7406,1,Brazil
7011,1,United States
5812,1,Guatemala
3836,1,United States
12844,1,Australia
8050,1,United States
9252,1,United States
7685,1,Poland
3490,1,United States
7301,1,Dominican Republic
2720,1,Colombia
11926,1,Philippines
334,1,Germany
4136,1,United States
3998,1,Belarus
5765,1,United States
13375,1,Greenland
7782,1,Australia
2583,1,Brazil
415,1,Sweden
5795,1,Turkey
3197,1,Vietnam
6999,1,United States
5813,1,Guatemala
5626,1,Madagascar
8033,1,Canada
2236,1,Syria
9237,1,Canada
3842,1,United States
12042,1,Australia
2254,1,Marshall Islands
5662,1,Sierra Leone
2063,1,Saudi Arabia
9872,1,Indonesia
7674,1,Wake Island
3483,1,United States
493,1,United Kingdom
7904,1,Sweden
1708,1,Turkey
3510,1,United States
1911,1,Cuba
1318,1,France
11933,1,Chile
11935,1,Chile
5536,1,Canada
8336,1,Sierra Leone
10145,1,United States
8149,1,Canada
10154,1,Brazil
3757,1,United States
6761,1,India
4170,1,Nepal
4171,1,Nepal
7777,1,United States
2377,1,South Korea
13177,1,Hungary
9395,1,Turkey
9799,1,United States
9402,1,Australia
8804,1,United States
1204,1,Croatia
3616,1,United States
1023,1,Congo (Kinshasa)
3823,1,United States
8626,1,United States
3238,1,Burma
1447,1,Greece
2448,1,Argentina
8661,1,Russia
4066,1,United States
6868,1,Spain
8669,1,United Kingdom
670,1,Poland
9088,1,Canada
14095,1,Tanzania
9100,1,Germany
6500,1,United States
6305,1,Australia
717,1,Sweden
7721,1,United States
7129,1,Australia
11934,1,Chile
2740,1,Colombia
1347,1,France
562,1,United Kingdom
2169,1,Iran
9183,1,United States
183,1,Canada
3601,1,United States
9004,1,Australia
6014,1,Philippines
3833,1,United States
12051,1,Mongolia
5856,1,Bahamas
8257,1,Brazil
2660,1,Chile
8462,1,Switzerland
2872,1,Guyana
11084,1,United States
6099,1,Russia
11111,1,United States
7338,1,Suriname
941,1,Madagascar
2148,1,Iran
13551,1,United States
11962,1,Russia
6967,1,French Polynesia
11770,1,Canada
13573,1,Nepal
384,1,Germany
3187,1,Thailand
7792,1,Germany
6806,1,Australia
12218,1,Australia
454,1,Finland
1254,1,France
6877,1,United States
2078,1,Saudi Arabia
11102,1,United States
1306,1,France
13721,1,Bahamas
8127,1,Afghanistan
6929,1,Switzerland
6332,1,Australia
3758,1,United States
10371,1,United States
7574,1,Australia
5615,1,Madagascar
11817,1,United States
11820,1,United States
5836,1,Mexico
1241,1,Spain
2841,1,Venezuela
3045,1,India
856,1,South Africa
1860,1,Nicaragua
7464,1,Iceland
874,1,South Africa
7077,1,United States
14092,1,China
3113,1,India
13525,1,Indonesia
8933,1,Russia
3138,1,India
10939,1,China
7341,1,Suriname
11742,1,United States
8343,1,United States
13156,1,United States
9769,1,Brazil
13385,1,Greenland
9791,1,United States
5618,1,Madagascar
818,1,South Africa
13022,1,Canada
4224,1,United States
7026,1,United States
7836,1,Netherlands
2438,1,Argentina
2643,1,Chile
8445,1,United States
9048,1,Russia
8848,1,Australia
11851,1,United States
7870,1,United States
1677,1,Switzerland
3882,1,United States
7888,1,United States
1697,1,Turkey
11100,1,United States
6123,1,Russia
6126,1,United States
7928,1,United States
8528,1,United States
3354,1,Australia
1158,1,Libya
8963,1,Canada
363,1,Germany
1787,1,Mexico
2394,1,Japan
7813,1,Poland
7413,1,Chad
8619,1,Austria
8821,1,Australia
8839,1,Chile
6849,1,United States
4065,1,United States
7872,1,Norway
11073,1,United States
474,1,United Kingdom
8287,1,United States
1100,1,Guinea
8509,1,United States
7522,1,United States
13530,1,Indonesia
9749,1,Canada
10360,1,United States
9761,1,Guyana
12979,1,Australia
1395,1,France
11801,1,Latvia
1803,1,Mexico
5608,1,Botswana
1414,1,France
12022,1,Australia
3827,1,United States
431,1,Finland
6834,1,New Zealand
2036,1,New Zealand
8438,1,Netherlands
12873,1,United States
7075,1,United States
8282,1,United States
11293,1,Venezuela
11101,1,United States
1521,1,Italy
563,1,United Kingdom
3590,1,United States
1407,1,France
411,1,Estonia
3011,1,India
7428,1,Sudan
8228,1,French Guiana
6832,1,Iraq
9850,1,Mali
7452,1,Svalbard
2054,1,Afghanistan
9873,1,Indonesia
3485,1,United States
700,1,Sweden
1709,1,Turkey
1919,1,Cuba
9127,1,Australia
1338,1,France
11353,1,Maldives
8361,1,Canada
10370,1,Australia
1389,1,France
13023,1,Canada
6841,1,Germany
12045,1,Australia
6455,1,Indonesia
1263,1,France
7467,1,Iceland
11070,1,United States
471,1,United Kingdom
12310,1,Germany
8322,1,United States
729,1,Sweden
9938,1,United States
8538,1,United States
1744,1,Serbia
779,1,Germany
3407,1,Malaysia
7421,1,Ethiopia
5625,1,Madagascar
2828,1,Venezuela
3998,1,Luxembourg
8833,1,United States
445,1,Finland
6246,1,Australia
7647,1,United States
2247,1,Northern Mariana Islands
7670,1,United States
3478,1,United States
2085,1,Saudi Arabia
486,1,United Kingdom
8707,1,Kenya
8312,1,United States
8126,1,Germany
3737,1,United States
7941,1,Mali
11145,1,Brazil
7352,1,Guyana
8555,1,United States
7569,1,Australia
11984,1,Russia
7998,1,United States
809,1,South Africa
13212,1,Cote d'Ivoire
418,1,Finland
828,1,South Africa
7834,1,Netherlands
7235,1,United States
6044,1,Brazil
255,1,Cote d'Ivoire
4268,1,United States
11068,1,United States
3091,1,India
692,1,Sweden
1098,1,Mauritania
1108,1,Ethiopia
919,1,Madagascar
9148,1,Japan
2350,1,Japan
9766,1,South Africa
1572,1,Slovenia
9786,1,United States
792,1,South Africa
9193,1,Australia
8994,1,Australia
7397,1,Brazil
4207,1,Germany
2614,1,Brazil
3818,1,United States
7020,1,United States
13422,1,Switzerland
5622,1,Madagascar
1823,1,Mexico
3662,1,United States
2865,1,Venezuela
69,1,Canada
8070,1,Chile
8085,1,Germany
1177,1,Kenya
11902,1,Saudi Arabia
3512,1,United States
134,1,Canada
13538,1,Indonesia
1540,1,Italy
6144,1,Russia
8750,1,Germany
8559,1,United States
966,1,Gabon
9380,1,Germany
3791,1,United States
402,1,Germany
5803,1,Turkey
3361,1,New Caledonia
11017,1,United States
9419,1,United States
1827,1,Mexico
7256,1,Canada
8867,1,Czech Republic
7472,1,Tajikistan
1874,1,Costa Rica
7892,1,France
507,1,Cameroon
7700,1,Vietnam
511,1,United Kingdom
5517,1,Canada
1317,1,France
1348,1,France
3572,1,United States
2986,1,Russia
6986,1,Ukraine
3587,1,United States
2197,1,Pakistan
507,1,Chad
810,1,South Africa
3028,1,Sri Lanka
6830,1,Germany
3433,1,United States
5634,1,Gabon
7846,1,United States
5647,1,Congo (Kinshasa)
2449,1,Argentina
8655,1,United States
6855,1,Denmark
6263,1,Australia
2065,1,Saudi Arabia
4080,1,Denmark
3086,1,India
3889,1,Indonesia
899,1,Cameroon
3900,1,Indonesia
7501,1,Afghanistan
6906,1,Ukraine
3313,1,Singapore
10139,1,United States
2744,1,Colombia
10753,1,New Zealand
7357,1,Russia
2360,1,Japan
10164,1,Japan
390,1,Germany
6994,1,United States
3795,1,United States
3803,1,United States
9806,1,United States
11009,1,British Virgin Islands
12012,1,Australia
8812,1,United States
2414,1,Philippines
13416,1,Norway
13626,1,French Polynesia
227,1,Algeria
13431,1,Russia
32,1,Canada
6041,1,Brazil
241,1,Algeria
2251,1,Micronesia
8063,1,United States
3667,1,United States
3316,1,Bangladesh
3682,1,Antigua and Barbuda
1478,1,Greece
5484,1,Canada
1493,1,Hungary
6499,1,Poland
8104,1,Germany
3998,1,Gibraltar
8948,1,Lithuania
1552,1,Italy
11954,1,Russia
2358,1,Japan
11760,1,Canada
1363,1,France
13189,1,United States
5590,1,Norway
993,1,Seychelles
996,1,Seychelles
1007,1,Zimbabwe
1210,1,Croatia
6816,1,Switzerland
8822,1,Australia
3623,1,United States
6030,1,Argentina
13233,1,United States
7037,1,Saudi Arabia
507,1,Qatar
11075,1,United States
11292,1,Congo (Kinshasa)
2092,1,Saudi Arabia
8708,1,Kenya
7723,1,Italy
8550,1,United States
5752,1,United States
3768,1,United States
13372,1,Greenland
9391,1,Djibouti
12796,1,United States
8006,1,Germany
6011,1,Philippines
2624,1,Brazil
8634,1,Poland
841,1,South Africa
250,1,Ghana
885,1,Congo (Kinshasa)
9290,1,South Sudan
93,1,Canada
1496,1,Hungary
8101,1,Germany
8103,1,Germany
8711,1,Kenya
3111,1,India
1719,1,Turkey
942,1,Madagascar
10745,1,United Kingdom
9753,1,United Kingdom
6158,1,Russia
1560,1,Italy
13564,1,Kyrgyzstan
11971,1,Russia
4179,1,Nepal
801,1,South Africa
1008,1,Zimbabwe
1232,1,Spain
7036,1,Afghanistan
2640,1,Brazil
8653,1,United States
3853,1,United States
11268,1,Uruguay
8499,1,United States
2301,1,Japan
1502,1,Italy
8303,1,United States
3511,1,United States
1914,1,Cuba
3716,1,United States
11920,1,Taiwan
2125,1,Iran
1328,1,France
331,1,Germany
11143,1,Brazil
2154,1,Iran
6964,1,China
10165,1,Japan
2173,1,Jordan
5578,1,Ireland
9191,1,United States
13403,1,Suriname
3006,1,India
2235,1,Syria
5839,1,Panama
1841,1,Mexico
6450,1,Germany
2052,1,Afghanistan
8254,1,Brazil
1471,1,Greece
1282,1,France
11089,1,United States
3496,1,United States
6918,1,Solomon Islands
1326,1,France
2132,1,Iran
9547,1,United States
1955,1,Bahamas
507,1,South Sudan
3682,1,Suriname
590,1,Netherlands
3991,1,Greece
592,1,Netherlands
1394,1,France
3996,1,Greenland
1603,1,Israel
13018,1,United States
3049,1,India
7853,1,United Arab Emirates
261,1,Nigeria
7684,1,Switzerland
6494,1,United States
13498,1,Brazil
9120,1,United States
9533,1,Australia
7336,1,Suriname
1148,1,Kenya
3750,1,United States
2776,1,Peru
12987,1,Brazil
1589,1,Czech Republic
11811,1,Egypt
8221,1,United States
22,1,Canada
1623,1,Portugal
25,1,Canada
11830,1,United States
2837,1,Venezuela
648,1,Norway
13455,1,Nigeria
7871,1,Norway
2503,1,Argentina
8515,1,United States
2730,1,Colombia
9139,1,United States
11755,1,Canada
3568,1,United States
7190,1,United States
1790,1,Mexico
13595,1,Brazil
3200,1,Vietnam
9215,1,Morocco
2823,1,Venezuela
844,1,South Africa
3449,1,United States
54,1,Canada
7856,1,Egypt
3657,1,United States
1862,1,Nicaragua
2271,1,Taiwan
13075,1,United States
5681,1,Ethiopia
8482,1,Russia
1287,1,France
6497,1,Switzerland
2102,1,Iran
909,1,Zambia
13521,1,Indonesia
13723,1,Brazil
13126,1,United States
1931,1,Bahamas
3145,1,India
11981,1,Russia
593,1,Netherlands
795,1,South Africa
9805,1,Russia
13209,1,Italy
7411,1,Angola
1621,1,Portugal
11822,1,United States
12047,1,China
3450,1,United States
3998,1,Cote d'Ivoire
8663,1,Canada
8476,1,Australia
13079,1,Iceland
2482,1,Argentina
3684,1,United States
3998,1,Togo
8507,1,United States
2108,1,Iran
1316,1,France
1920,1,Cuba
8925,1,United States
7330,1,Suriname
157,1,Canada
372,1,Germany
4174,1,Nepal
4382,1,Johnston Atoll
3802,1,United States
12005,1,Russia
10617,1,Portugal
11020,1,Papua New Guinea
1221,1,Spain
1256,1,France
13268,1,Senegal
12469,1,United States
10069,1,Ukraine
1673,1,Switzerland
3278,1,Indonesia
89,1,Canada
3506,1,United States
3909,1,Indonesia
11913,1,Iraq
9125,1,Czech Republic
1346,1,France
11947,1,Venezuela
1147,1,Kenya
9754,1,United States
2978,1,Turkmenistan
8181,1,Romania
11386,1,Poland
12391,1,Australia
6995,1,United States
2795,1,Peru
8426,1,Canada
2446,1,Argentina
8847,1,Australia
11855,1,United States
13257,1,China
2665,1,Chile
6870,1,Australia
870,1,South Africa
5876,1,Fiji
7085,1,United States
1091,1,Mauritania
2696,1,Ecuador
8296,1,United States
496,1,United Kingdom
8298,1,United States
13500,1,Brazil
8502,1,United States
8718,1,Kenya
12919,1,Russia
10748,1,United Kingdom
5948,1,Pakistan
151,1,Canada
6364,1,China
7371,1,Brazil
8798,1,United States
2408,1,Philippines
12018,1,Australia
825,1,South Africa
1432,1,France
7838,1,France
9245,1,Canada
52,1,Canada
13456,1,Nigeria
13471,1,China
6071,1,Venezuela
9475,1,Uganda
11077,1,United States
14100,1,Israel
1707,1,Turkey
1712,1,Turkey
8114,1,Germany
2122,1,Iran
2929,1,Russia
10750,1,India
3553,1,United States
5559,1,Germany
11764,1,Canada
11583,1,Canada
3583,1,United States
8789,1,United States
789,1,Germany
9794,1,United States
7622,1,Russia
7451,1,Svalbard
7455,1,Estonia
456,1,Finland
7656,1,United States
7660,1,Switzerland
3067,1,India
9071,1,United States
9075,1,Denmark
6275,1,Australia
6876,1,United States
9481,1,France
86,1,Canada
300,1,Belgium
8712,1,Kenya
1936,1,Bahamas
7362,1,Colombia
1370,1,France
8998,1,Australia
11816,1,United States
8632,1,United States
8233,1,China
11842,1,United States
6250,1,Australia
13468,1,Zambia
6070,1,Uruguay
7673,1,Brazil
2079,1,Saudi Arabia
2485,1,Argentina
1491,1,Hungary
7930,1,United States
938,1,Madagascar
11139,1,Uganda
1156,1,Libya
11774,1,Canada
13380,1,Greenland
11203,1,Brazil
7013,1,United States
7415,1,United States
11818,1,United States
9821,1,Russia
7822,1,United States
4226,1,United States
3464,1,United States
7267,1,Canada
11069,1,United States
13469,1,Afghanistan
2886,1,Puerto Rico
8713,1,Kenya
2317,1,Japan
6328,1,Australia
6931,1,Switzerland
12931,1,Denmark
333,1,Germany
3150,1,India
3755,1,United States
7557,1,Mongolia
9777,1,United States
2442,1,Falkland Islands
9184,1,United States
992,1,Seychelles
7593,1,Kiribati
615,1,Denmark
8616,1,Czech Republic
6234,1,Indonesia
8639,1,United States
440,1,Finland
3481,1,United States
13097,1,Indonesia
3501,1,United States
8709,1,Kenya
3128,1,Nepal
11931,1,Brazil
1933,1,Bahamas
11937,1,Chile
2339,1,Japan
3350,1,Australia
11153,1,United States
13771,1,Iceland
571,1,United Kingdom
7580,1,United States
5990,1,Marshall Islands
2395,1,Japan
3814,1,United States
8617,1,Czech Republic
11821,1,United States
11829,1,United States
3431,1,United States
1235,1,Spain
7839,1,United States
7448,1,Uganda
449,1,Finland
7053,1,United States
1067,1,Morocco
8468,1,Ukraine
12675,1,United States
14097,1,Indonesia
3921,1,Indonesia
7929,1,United States
1750,1,Slovakia
11753,1,Canada
7556,1,Mongolia
11768,1,Canada
6973,1,Netherlands
5986,1,Papua New Guinea
3800,1,United States
9408,1,United States
1211,1,Spain
12013,1,Australia
11018,1,Papua New Guinea
2626,1,Brazil
3033,1,Cambodia
7265,1,Canada
7474,1,Russia
4280,1,United States
1684,1,Turkey
7690,1,United States
4299,1,Thailand
2303,1,Japan
7704,1,Australia
14105,1,Russia
4106,1,Canada
8115,1,Germany
325,1,Germany
1732,1,Turkey
8137,1,United States
940,1,Madagascar
13546,1,Indonesia
13552,1,United States
3954,1,Lithuania
6175,1,India
13402,1,Suriname
1604,1,Israel
1009,1,Zimbabwe
6010,1,Philippines
3998,1,Iceland
3418,1,United States
8431,1,Philippines
12031,1,Australia
1648,1,Romania
13271,1,United States
12676,1,United States
13077,1,United States
1485,1,Greece
1687,1,Turkey
14088,1,Bulgaria
6291,1,Australia
3297,1,Malaysia
501,1,United Kingdom
6908,1,Belarus
6117,1,Russia
8524,1,United States
2536,1,Brazil
3541,1,United States
545,1,United Kingdom
11956,1,Russia
3966,1,Eritrea
9377,1,Russia
1185,1,Tanzania
3014,1,India
1624,1,Portugal
11431,1,Chile
11032,1,Germany
9239,1,Canada
5841,1,Panama
11868,1,United States
10089,1,France
3892,1,Indonesia
11896,1,Honduras
1906,1,Cuba
5499,1,Canada
8133,1,United States
6340,1,Australia
543,1,United Kingdom
13543,1,Indonesia
11545,1,China
158,1,Canada
2163,1,Iran
1364,1,France
3772,1,United States
3998,1,Albania
3316,1,Vietnam
10800,1,China
10611,1,Iraq
8215,1,United States
6424,1,Russia
7429,1,Liberia
7630,1,United States
5833,1,Marshall Islands
12038,1,Australia
6862,1,Czech Republic
863,1,South Africa
8875,1,United States
119,1,Canada
6101,1,Ukraine
11901,1,Saudi Arabia
6130,1,United States
7335,1,Suriname
3537,1,United States
2542,1,Brazil
1150,1,Libya
11950,1,Kazakhstan
2573,1,Brazil
5573,1,United Kingdom
13386,1,Greenland
8188,1,United States
13606,1,New Zealand
5807,1,Turks and Caicos Islands
13415,1,Kazakhstan
8224,1,Canada
8032,1,Canada
3444,1,United States
59,1,Canada
2663,1,Chile
8079,1,France
1296,1,France
1703,1,Turkey
8505,1,United States
3386,1,Macau
6934,1,Russia
414,1,Estonia
1017,1,Malawi
6423,1,Germany
9065,1,Australia
3998,1,Guinea-Bissau
867,1,South Africa
7868,1,Afghanistan
872,1,South Africa
2887,1,Puerto Rico
1290,1,France
1300,1,France
11919,1,United States
13720,1,Portugal
11722,1,Canada
8931,1,United States
9939,1,South Korea
11939,1,Colombia
8952,1,Brazil
165,1,Canada
5579,1,Denmark
7590,1,Kiribati
6200,1,Burma
408,1,Germany
12015,1,Australia
3021,1,India
2021,1,New Zealand
1424,1,France
829,1,South Africa
837,1,South Africa
650,1,Norway
13265,1,United States
6082,1,Saint Vincent and the Grenadines
2483,1,Argentina
3884,1,United States
1288,1,France
11891,1,Moldova
2494,1,Argentina
7101,1,United States
7907,1,United States
2909,1,Kazakhstan
914,1,Comoros
8721,1,Madagascar
5733,1,United States
11983,1,Russia
8395,1,Australia
1601,1,Israel
11211,1,Brazil
13016,1,United States
38,1,Canada
8666,1,United States
7476,1,Russia
3280,1,Indonesia
7911,1,Dominican Republic
7517,1,New Zealand
2723,1,Colombia
13130,1,United States
4333,1,Russia
4152,1,Burma
8953,1,Brazil
1564,1,Italy
171,1,Canada
12172,1,Australia
3586,1,United States
1591,1,Israel
2594,1,Brazil
7201,1,United States
13802,1,Faroe Islands
409,1,Germany
13412,1,France
8834,1,United States
2639,1,Brazil
6251,1,Australia
2675,1,Ecuador
476,1,United Kingdom
2479,1,Argentina
13880,1,Canada
6288,1,Australia
3706,1,United States
9317,1,Sweden
13529,1,Indonesia
1740,1,Serbia
2141,1,Iran
10747,1,United Kingdom
955,1,Angola
1765,1,Guatemala
2579,1,Brazil
11786,1,Germany
7597,1,Kiribati
1598,1,Israel
8802,1,United States
6002,1,Japan
3603,1,United States
11808,1,Namibia
19,1,Iceland
7828,1,Kyrgyzstan
9240,1,Canada
3440,1,United States
11847,1,United States
447,1,Finland
53,1,Canada
1060,1,Guinea-Bissau
2669,1,Ecuador
11272,1,Australia
1898,1,Cuba
9102,1,United States
110,1,Canada
1312,1,France
2727,1,Colombia
935,1,Madagascar
11745,1,Canada
10952,1,Russia
2006,1,Fiji
11793,1,Poland
8194,1,United States
1597,1,Israel
1413,1,France
13628,1,French Polynesia
1642,1,Portugal
7848,1,United States
3361,1,Niue
3998,1,Central African Republic
8692,1,Russia
3998,1,Mauritius
5704,1,Tanzania
8516,1,United States
1535,1,Italy
8146,1,Afghanistan
7361,1,Colombia
367,1,Germany
6975,1,Germany
613,1,Denmark
5614,1,Comoros
3998,1,Faroe Islands
7831,1,Germany
2032,1,New Zealand
6059,1,Bolivia
862,1,South Africa
7272,1,Canada
3998,1,Niger
13487,1,India
8093,1,Germany
13493,1,Brazil
8094,1,Germany
1295,1,France
10096,1,Guinea
11299,1,United States
8300,1,United States
315,1,Belgium
3117,1,Laos
8333,1,Ethiopia
3531,1,United States
6167,1,Russia
569,1,United Kingdom
13607,1,United States
1207,1,Croatia
9808,1,United States
8808,1,United States
13608,1,New Zealand
8610,1,France
3016,1,India
12019,1,Australia
6224,1,Indonesia
13429,1,Russia
1832,1,Mexico
835,1,South Africa
7458,1,China
1069,1,Morocco
3893,1,Indonesia
4096,1,Fiji
2498,1,Argentina
2099,1,Iran
2309,1,Japan
2534,1,Brazil
7334,1,Suriname
1134,1,Egypt
9146,1,Australia
1949,1,Bahamas
7773,1,United Kingdom
4178,1,Nepal
3579,1,United States
11406,1,Russia
2407,1,Philippines
1607,1,Austria
2033,1,Antarctica
1034,1,Congo (Kinshasa)
13636,1,Brazil
12640,1,France
2445,1,Argentina
11053,1,Canada
11255,1,United States
2862,1,Venezuela
1466,1,Greece
8280,1,United States
2285,1,Japan
7089,1,United States
8289,1,United States
11291,1,Laos
892,1,Saint Helena
6104,1,Ukraine
6905,1,Ukraine
10107,1,United States
6112,1,Russia
3721,1,United States
1924,1,Cuba
10133,1,United States
11735,1,Germany
8337,1,Sierra Leone
8548,1,United States
8751,1,Poland
359,1,Germany
366,1,Germany
7570,1,Australia
1170,1,Sudan
11170,1,France
575,1,United Kingdom
11199,1,Brazil
11204,1,Brazil
11005,1,United States
13436,1,United States
13437,1,Canada
2447,1,Argentina
259,1,Cote d'Ivoire
13470,1,China
11071,1,United States
292,1,Tunisia
8706,1,United States
8510,1,United States
11912,1,Pakistan
11914,1,Iraq
5525,1,Canada
3526,1,United States
2546,1,Brazil
11747,1,Canada
3148,1,India
750,1,Germany
3773,1,United States
6779,1,Namibia
11198,1,Brazil
12035,1,Australia
43,1,Canada
7058,1,United States
1870,1,Panama
8278,1,United States
4303,1,France
13309,1,United States
4029,1,Montenegro
10751,1,United Kingdom
755,1,Germany
3556,1,United States
3357,1,Australia
9163,1,Russia
771,1,Germany
380,1,Germany
4182,1,Nepal
1385,1,France
13387,1,Greenland
2799,1,Peru
2008,1,New Zealand
11209,1,Brazil
3822,1,United States
7827,1,United States
9831,1,Tanzania
3638,1,United States
3648,1,United States
2857,1,Venezuela
8664,1,United States
7671,1,Brazil
5872,1,Fiji
14087,1,Azerbaijan
11893,1,Moldova
14093,1,Cyprus
8098,1,Germany
5505,1,Canada
312,1,Belgium
11927,1,Philippines
1332,1,France
7343,1,Costa Rica
3746,1,United States
11952,1,Russia
3952,1,Latvia
3960,1,Lithuania
10161,1,United Kingdom
11963,1,Russia
3969,1,Palestine
574,1,United Kingdom
7016,1,United States
1224,1,Spain
2659,1,Chile
2459,1,Argentina
6062,1,Brazil
4272,1,Burma
7079,1,United States
694,1,Sweden
11897,1,Costa Rica
5698,1,Libya
2701,1,Paraguay
3707,1,United States
8511,1,United States
6932,1,Russia
1337,1,France
9140,1,United States
554,1,United Kingdom
9372,1,Russia
2783,1,Peru
1390,1,France
604,1,Ireland
5406,1,Solomon Islands
8410,1,United States
8412,1,United States
6420,1,Venezuela
6829,1,Australia
229,1,Algeria
11433,1,Argentina
47,1,Canada
13448,1,Algeria
7859,1,United States
5881,1,Tonga
2088,1,Saudi Arabia
14089,1,Belarus
11898,1,Cuba
1710,1,Turkey
3119,1,Laos
124,1,Canada
8744,1,United States
3548,1,United States
13756,1,South Africa
9374,1,Russia
8179,1,Switzerland
982,1,Mozambique
583,1,Netherlands
12185,1,United States
998,1,Chad
11800,1,Latvia
407,1,Germany
614,1,Denmark
6415,1,United States
6419,1,Australia
3026,1,Sri Lanka
9226,1,United States
6228,1,Indonesia
8831,1,Australia
3844,1,United States
13066,1,Austria
7072,1,United States
1089,1,Mauritania
1099,1,Guinea
11717,1,Australia
736,1,Sweden
3998,1,Montenegro
1151,1,Libya
1554,1,Italy
756,1,Germany
11357,1,Turkey
9371,1,Russia
1982,1,French Polynesia
2610,1,Brazil
6205,1,Indonesia
3424,1,United States
35,1,Canada
5439,1,Greenland
2842,1,Venezuela
1844,1,Mexico
13249,1,Equatorial Guinea
8253,1,Brazil
2653,1,Chile
9868,1,Indonesia
11884,1,Italy
7885,1,United States
88,1,Canada
8893,1,United States
7495,1,United States
7513,1,United States
316,1,Belgium
8520,1,United States
2130,1,Iran
2735,1,Colombia
1942,1,Bahamas
7033,1,Russia
2239,1,Syria
3441,1,United States
5452,1,Iceland
1467,1,Greece
121,1,Canada
5689,1,Somalia
1500,1,Italy
7902,1,Canada
3316,1,East Timor
13315,1,Brazil
13724,1,India
11133,1,Hungary
7560,1,Philippines
13377,1,Greenland
1391,1,France
11212,1,Brazil
3614,1,United States
422,1,Finland
7423,1,Gabon
6824,1,Switzerland
7233,1,United States
1041,1,Congo (Kinshasa)
5852,1,Cuba
6075,1,Guadeloupe
2504,1,Argentina
11906,1,Kuwait
3914,1,Indonesia
7123,1,Uruguay
7730,1,Netherlands
7536,1,Indonesia
7551,1,Japan
2354,1,Japan
2006,1,Norfolk Island
3781,1,United States
587,1,Netherlands
5992,1,Taiwan
11206,1,Brazil
7809,1,United States
412,1,Estonia
8612,1,Switzerland
9418,1,United States
3220,1,Burma
13425,1,Russia
5640,1,Malawi
5646,1,Congo (Kinshasa)
6447,1,United States
5648,1,Congo (Kinshasa)
1257,1,France
8862,1,Germany
2682,1,Ecuador
7889,1,United States
1907,1,Cuba
8110,1,Germany
1315,1,France
7738,1,Russia
1541,1,Italy
4343,1,United States
10949,1,North Korea
3555,1,United States
13757,1,United States
13359,1,Greenland
3760,1,United States
1784,1,Mexico
989,1,Mozambique
11998,1,India
3801,1,United States
802,1,South Africa
812,1,South Africa
13621,1,Poland
12028,1,Australia
8029,1,Poland
8252,1,United States
12056,1,China
8859,1,Belgium
3682,1,Grenada
8497,1,United States
1912,1,Cuba
5518,1,Canada
8334,1,Kenya
7351,1,Guyana
8362,1,Canada
3162,1,Thailand
11965,1,Ukraine
2567,1,Brazil
10171,1,Cuba
1436,1,France
9847,1,United States
11856,1,United States
8866,1,Russia
3078,1,Hong Kong
12087,1,India
11092,1,United States
3699,1,United States
905,1,Zambia
13311,1,Canada
7521,1,Canada
1523,1,Italy
7533,1,Brazil
6736,1,United States
740,1,Sweden
6740,1,Colombia
5551,1,Canada
8352,1,Australia
1568,1,Slovenia
13581,1,Philippines
1782,1,Jamaica
9784,1,United States
1392,1,France
7806,1,Canada
3606,1,United States
3434,1,United States
13454,1,Nigeria
9066,1,United States
7280,1,Mexico
3480,1,United States
683,1,Sweden
3686,1,United States
8288,1,United States
10295,1,Finland
6116,1,Belarus
7531,1,Brazil
10934,1,South Africa
6937,1,Russia
3743,1,United States
9544,1,United Arab Emirates
12945,1,Papua New Guinea
1753,1,Turks and Caicos Islands
769,1,Germany
11980,1,Russia
5405,1,Solomon Islands
3412,1,United States
3618,1,United States
6838,1,United States
39,1,Canada
11840,1,United States
242,1,Algeria
11860,1,United States
4071,1,United States
13476,1,China
2283,1,Japan
13488,1,China
11093,1,United States
5920,1,New Caledonia
8121,1,United States
11928,1,Philippines
8532,1,United States
2532,1,Brazil
3540,1,United States
1952,1,Bahamas
3765,1,United States
10184,1,Russia
3682,1,Argentina
7192,1,United States
7594,1,Kiribati
2001,1,New Caledonia
11803,1,South Africa
2813,1,Uruguay
9820,1,Turkey
6826,1,Kenya
2027,1,New Zealand
11839,1,United States
11644,1,Bhutan
64,1,Canada
3468,1,United States
1481,1,Greece
11881,1,France
1093,1,Mauritania
8918,1,Namibia
7918,1,Germany
6519,1,Austria
13735,1,Brazil
745,1,Sweden
968,1,Gabon
11769,1,Canada
3171,1,Thailand
6171,1,Cambodia
11771,1,Canada
11783,1,Canada
13609,1,New Zealand
3221,1,Burma
6028,1,Argentina
3443,1,United States
6065,1,Peru
11067,1,United States
2679,1,Ecuador
7691,1,United States
7297,1,Costa Rica
6898,1,Australia
102,1,Canada
3725,1,United States
8136,1,United States
12948,1,Australia
11175,1,Brazil
783,1,Germany
7589,1,Kiribati
5991,1,Taiwan
6405,1,China
10209,1,China
8609,1,France
2211,1,Pakistan
5624,1,Madagascar
5629,1,Madagascar
2250,1,Marshall Islands
459,1,Finland
3682,1,Dominica
7879,1,Australia
8080,1,France
3082,1,India
8691,1,Japan
14098,1,India
8703,1,South Africa
8109,1,Germany
2320,1,Japan
8341,1,Russia
1543,1,Italy
9746,1,United States
13759,1,United States
13763,1,Namibia
2174,1,West Bank
9396,1,United States
12002,1,India
12003,1,Burma
2205,1,Pakistan
212,1,Algeria
3214,1,Burma
5834,1,Mexico
9474,1,French Polynesia
13477,1,China
480,1,United Kingdom
6081,1,Saint Vincent and the Grenadines
3489,1,United States
10102,1,United States
6907,1,Ukraine
8313,1,United States
8332,1,Sudan
936,1,Madagascar
1355,1,France
1556,1,Italy
9175,1,French Polynesia
11775,1,Canada
11982,1,Russia
6786,1,Guadeloupe
796,1,South Africa
11999,1,India
8813,1,United Kingdom
18,1,Iceland
7419,1,Ethiopia
13635,1,United States
2636,1,Brazil
1440,1,Saint Pierre and Miquelon
6446,1,United States
1249,1,Spain
6853,1,United States
859,1,South Africa
8864,1,United States
11865,1,United States
1868,1,Panama
11870,1,Albania
1079,1,Morocco
3083,1,India
14099,1,Kyrgyzstan
8108,1,Germany
313,1,Belgium
1916,1,Cuba
11718,1,Germany
11127,1,Canada
328,1,Germany
2133,1,Iran
550,1,United Kingdom
9751,1,Suriname
8354,1,Australia
2158,1,Iran
1770,1,Guatemala
1375,1,France
816,1,South Africa
12219,1,Australia
7226,1,Chile
2026,1,New Zealand
7230,1,Argentina
13435,1,Denmark
8648,1,United States
3649,1,United States
852,1,South Africa
5456,1,Canada
2863,1,Venezuela
673,1,Poland
8475,1,United States
1087,1,Senegal
7694,1,United States
4298,1,United States
2905,1,Saint Vincent and the Grenadines
6306,1,Australia
3519,1,United States
12133,1,Germany
7936,1,United States
7549,1,Japan
5953,1,Syria
1565,1,Italy
3166,1,Thailand
7775,1,United States
13378,1,Greenland
13426,1,Russia
8229,1,French Guiana
7432,1,Switzerland
6232,1,Indonesia
11438,1,United States
1261,1,France
7273,1,Canada
7473,1,Russia
81,1,Canada
8682,1,Sweden
8089,1,Germany
2689,1,Ecuador
13694,1,United States
14103,1,Russia
324,1,Germany
13131,1,United States
6951,1,Norway
6170,1,Sri Lanka
11974,1,Belarus
8177,1,Canada
11777,1,Canada
11784,1,Canada
11985,1,Uzbekistan
10186,1,South Korea
1400,1,France
7601,1,Kiribati
12020,1,Australia
6823,1,Switzerland
1039,1,Congo (Kinshasa)
11841,1,United States
6247,1,Australia
1047,1,Mali
1255,1,France
1668,1,Switzerland
7069,1,United States
11885,1,Italy
1518,1,Italy
8123,1,United States
1544,1,Italy
11146,1,Brazil
9763,1,United States
573,1,United Kingdom
2385,1,Japan
13188,1,Russia
2389,1,Japan
11795,1,Poland
1402,1,France
8614,1,Switzerland
8216,1,Canada
13019,1,Botswana
6421,1,Ireland
6431,1,China
7052,1,China
7466,1,Iceland
868,1,South Africa
13668,1,Brazil
283,1,Niger
13683,1,Brazil
7499,1,Afghanistan
3682,1,Anguilla
107,1,Canada
7312,1,Argentina
2113,1,Iran
13716,1,United States
8321,1,United States
9942,1,United States
7946,1,French Polynesia
7552,1,Japan
6764,1,United States
2565,1,Brazil
13370,1,Greenland
3573,1,United States
3175,1,Thailand
1585,1,Czech Republic
11193,1,Congo (Kinshasa)
1006,1,Zimbabwe
2818,1,Venezuela
12021,1,Australia
12023,1,Australia
5635,1,Gabon
1650,1,Romania
3058,1,India
3682,1,France
7683,1,United States
11295,1,Brazil
311,1,Belgium
7912,1,Australia
5915,1,Vanuatu
6716,1,United States
12951,1,Australia
7776,1,United States
576,1,United Kingdom
8195,1,United States
3798,1,United States
11799,1,Latvia
13430,1,Russia
2834,1,Venezuela
9243,1,Canada
2648,1,Chile
11853,1,United States
8265,1,Australia
5871,1,Fiji
8880,1,Guinea
1894,1,Haiti
13366,1,Greenland
7407,1,Brazil
7210,1,United States
13211,1,China
9225,1,United States
8054,1,Germany
5664,1,Sierra Leone
1068,1,Morocco
8870,1,United States
6489,1,Germany
7492,1,United Kingdom
4094,1,Canada
13098,1,United States
6102,1,Ukraine
3108,1,India
12110,1,Togo
2511,1,Argentina
10130,1,United States
3762,1,United States
1775,1,Honduras
2175,1,Jordan
13176,1,Hungary
7377,1,Brazil
11986,1,Russia
2790,1,Peru
395,1,Germany
6203,1,Indonesia
8403,1,Canada
5603,1,South Africa
13006,1,Bulgaria
1619,1,Portugal
420,1,Finland
626,1,Denmark
5450,1,Iceland
2263,1,Taiwan
11078,1,United States
1899,1,Cuba
8506,1,United States
307,1,Belgium
8107,1,Germany
13124,1,United States
1329,1,France
9781,1,United States
13193,1,China
398,1,Germany
1406,1,France
2210,1,Pakistan
11011,1,United States
822,1,South Africa
7422,1,Ethiopia
3427,1,United States
8430,1,United States
2049,1,Afghanistan
858,1,South Africa
3059,1,India
3065,1,India
8267,1,Afghanistan
1878,1,Costa Rica
14086,1,Costa Rica
2687,1,Ecuador
8105,1,Germany
7309,1,Virgin Islands
1310,1,France
13513,1,India
10128,1,United States
128,1,Canada
3998,1,Macedonia
8340,1,Russia
3563,1,United States
1766,1,Guatemala
3682,1,American Samoa
9776,1,United States
1378,1,France
7991,1,United States
3792,1,United States
394,1,Germany
1397,1,France
7598,1,Kiribati
9002,1,Australia
7811,1,Australia
1012,1,Zimbabwe
3316,1,Sri Lanka
839,1,South Africa
6043,1,Chile
5645,1,Namibia
3048,1,India
6867,1,Iceland
13671,1,Australia
3474,1,United States
6878,1,United States
11080,1,United States
882,1,Botswana
8888,1,United States
11899,1,Cuba
3316,1,Singapore
716,1,Sweden
13334,1,Mexico
8542,1,United States
6950,1,Burma
13368,1,Greenland
2574,1,Brazil
2780,1,Peru
9190,1,United States
11797,1,Sweden
8000,1,Ukraine
12001,1,India
2620,1,Brazil
3421,1,United States
9227,1,Malawi
3435,1,United States
4237,1,Canada
2038,1,Antarctica
8442,1,China
6259,1,Australia
7861,1,Russia
1266,1,France
873,1,South Africa
2676,1,Ecuador
13511,1,India
10117,1,United States
9532,1,Australia
4341,1,United States
3352,1,Australia
4360,1,Russia
11762,1,Canada
11782,1,Canada
7000,1,United States
10802,1,Faroe Islands
403,1,Germany
806,1,South Africa
1010,1,Zimbabwe
2411,1,Philippines
7012,1,Canada
12027,1,Australia
3629,1,United States
1029,1,Congo (Kinshasa)
831,1,South Africa
5843,1,Costa Rica
2644,1,Chile
7245,1,United States
46,1,Canada
13647,1,South Africa
6458,1,Brunei
7468,1,Ireland
3871,1,United States
2071,1,Saudi Arabia
11719,1,Denmark
10121,1,United States
13135,1,United States
4029,1,Italy
13548,1,Indonesia
1578,1,Czech Republic
785,1,Germany
11789,1,United Kingdom
3594,1,United States
6997,1,Peru
13405,1,Denmark
9008,1,Switzerland
9411,1,United States
819,1,South Africa
11021,1,Papua New Guinea
11825,1,United States
436,1,Finland
5462,1,Canada
3475,1,United States
11076,1,United States
2077,1,Saudi Arabia
4290,1,Samoa
14109,1,Chile
1713,1,Turkey
507,1,Mayotte
1131,1,Egypt
1135,1,Egypt
4165,1,Germany
3830,1,United States
584,1,Netherlands
589,1,Netherlands
391,1,Germany
4004,1,United States
4005,1,Malta
3809,1,United States
8030,1,United States
7035,1,United States
7840,1,United States
3751,1,United States
1071,1,Morocco
8874,1,United States
8690,1,Spain
8496,1,United States
9305,1,United States
2506,1,Argentina
3107,1,India
509,1,United Kingdom
12311,1,Somalia
12921,1,China
939,1,Madagascar
13545,1,Indonesia
369,1,Germany
773,1,Germany
13793,1,Australia
7017,1,United States
1422,1,France
1427,1,France
2831,1,Venezuela
1233,1,Spain
2039,1,New Zealand
842,1,South Africa
1442,1,France
8250,1,Brazil
857,1,South Africa
6467,1,United Kingdom
3672,1,United States
2475,1,Argentina
13677,1,Spain
284,1,Niger
13891,1,Australia
13695,1,Argentina
8495,1,United States
1498,1,Hungary
5500,1,Canada
706,1,Sweden
5907,1,Vanuatu
9308,1,China
6308,1,Australia
7516,1,Ukraine
8320,1,United States
1334,1,France
3551,1,United States
8156,1,Russia
3998,1,Sao Tome and Principe
2376,1,South Korea
11182,1,Canada
3188,1,Thailand
1791,1,Mexico
13397,1,Brazil
12010,1,Russia
2819,1,Venezuela
1421,1,France
3439,1,United States
9062,1,Russia
3682,1,Nicaragua
2666,1,Chile
813,1,Swaziland
5887,1,Samoa
2107,1,Iran
2147,1,Iran
5549,1,Canada
8359,1,Canada
3569,1,United States
1570,1,Slovenia
11180,1,Brazil
2600,1,Brazil
11802,1,Lithuania
6805,1,Australia
3821,1,United States
8823,1,Australia
834,1,South Africa
11837,1,United States
1445,1,Greece
5853,1,Cuba
8658,1,United States
8062,1,United States
13269,1,United States
4270,1,United States
3679,1,United States
3887,1,Indonesia
5888,1,French Polynesia
8494,1,United States
7908,1,United States
3315,1,Singapore
7332,1,Suriname
6952,1,Burma
8773,1,Afghanistan
1384,1,France
3595,1,United States
7804,1,United Kingdom
2606,1,Brazil
406,1,Germany
2215,1,Pakistan
11823,1,United States
8624,1,United States
4230,1,United States
8432,1,Germany
7837,1,Netherlands
8641,1,United States
8042,1,United States
7461,1,France
1667,1,Switzerland
2684,1,Ecuador
11087,1,United States
11889,1,Italy
895,1,British Indian Ocean Territory
129,1,Canada
13339,1,Canada
13139,1,United States
8350,1,Australia
961,1,Angola
13765,1,Jordan
7986,1,United States
2998,1,India
8604,1,United States
5605,1,South Africa
11812,1,Egypt
7427,1,Sudan
1630,1,Portugal
855,1,South Africa
2261,1,Taiwan
2867,1,Venezuela
8670,1,United Kingdom
3883,1,United States
8084,1,Namibia
3895,1,Indonesia
11095,1,United States
6915,1,Australia
13121,1,Brazil
1123,1,Somalia
7349,1,Guyana
551,1,United Kingdom
10752,1,New Zealand
1167,1,Sudan
2775,1,French Guiana
2984,1,Russia
2800,1,Peru
1608,1,Austria
217,1,Algeria
7818,1,Chile
8623,1,France
7841,1,Lesotho
8245,1,Brazil
850,1,South Africa
2260,1,Taiwan
8274,1,United States
5684,1,Ethiopia
5929,1,Iran
11134,1,United States
2135,1,Iran
2950,1,Belarus
3955,1,Lithuania
9760,1,Bahamas
13383,1,Greenland
6004,1,South Korea
3813,1,United States
13215,1,Guinea
5628,1,Madagascar
10831,1,United States
5858,1,Bahamas
2463,1,Argentina
1083,1,Senegal
6487,1,France
1298,1,France
8117,1,United States
137,1,Canada
553,1,United Kingdom
8966,1,Cambodia
768,1,Germany
8969,1,Bolivia
1865,1,Turkey
11790,1,Poland
9400,1,France
11407,1,Russia
5808,1,Turks and Caicos Islands
6819,1,Belarus
3226,1,Burma
13032,1,Russia
3632,1,United States
3233,1,Burma
3234,1,Burma
6236,1,Australia
1244,1,Spain
13260,1,Congo (Brazzaville)
470,1,United Kingdom
3476,1,United States
9076,1,Austria
3477,1,United States
8683,1,Ireland
5486,1,Canada
11090,1,United States
7295,1,Nicaragua
8700,1,South Africa
11700,1,Philippines
1308,1,France
913,1,Comoros
8141,1,United States
10148,1,Russia
3149,1,India
3998,1,Latvia
1179,1,Tanzania
11785,1,Germany
13404,1,Suriname
5606,1,South Africa
13433,1,Russia
3037,1,India
8038,1,Chile
1849,1,Mexico
8051,1,United States
5860,1,Bahamas
9861,1,United Kingdom
9866,1,Indonesia
8671,1,Germany
876,1,South Africa
6078,1,Guadeloupe
2083,1,Saudi Arabia
11886,1,Italy
8092,1,Germany
704,1,Sweden
1314,1,France
2325,1,Japan
5540,1,Canada
1341,1,France
1343,1,France
11750,1,Canada
13354,1,United States
13365,1,Greenland
566,1,United Kingdom
8366,1,United States
3998,1,Gabon
578,1,United Kingdom
7999,1,United States
12004,1,Singapore
7010,1,Switzerland
616,1,Denmark
9417,1,United States
8423,1,Canada
13427,1,Russia
8631,1,United States
2232,1,Pakistan
9447,1,United States
12048,1,China
8053,1,Botswana
2453,1,Argentina
2472,1,Argentina
3087,1,India
1303,1,France
1307,1,France
6511,1,New Zealand
6113,1,Russia
1716,1,Turkey
6120,1,Russia
13535,1,Indonesia
3740,1,United States
13342,1,Canada
5946,1,Pakistan
1757,1,Dominican Republic
9772,1,United States
786,1,Germany
3812,1,United States
10618,1,Australia
5441,1,Greenland
457,1,Finland
13465,1,Tanzania
871,1,South Africa
271,1,Nigeria
8096,1,Germany
6097,1,Russia
13502,1,India
8702,1,South Africa
7307,1,Puerto Rico
7326,1,Suriname
8935,1,United States
11941,1,Colombia
11945,1,Peru
549,1,United Kingdom
13361,1,Greenland
11780,1,Canada
11200,1,Brazil
7009,1,United States
4231,1,United States
13243,1,Indonesia
2044,1,New Zealand
8249,1,Brazil
57,1,Canada
92,1,Canada
3682,1,El Salvador
1516,1,Italy
11720,1,Germany
7731,1,Spain
1340,1,France
9943,1,United States
9147,1,Germany
7767,1,United States
368,1,Germany
7772,1,Italy
11989,1,Russia
2405,1,Philippines
207,1,Algeria
12217,1,Australia
8220,1,United States
7420,1,Ethiopia
1428,1,France
11030,1,Australia
13632,1,Indonesia
9238,1,Canada
3056,1,India
7857,1,United States
3663,1,United States
9864,1,United Kingdom
9890,1,Indonesia
1900,1,Cuba
13717,1,United States
11721,1,Germany
5922,1,Afghanistan
6928,1,Switzerland
1357,1,France
10158,1,Indonesia
3169,1,Thailand
778,1,Germany
185,1,Canada
11787,1,Germany
4187,1,Nepal
9788,1,United States
6791,1,Philippines
7229,1,Argentina
3634,1,United States
8234,1,Colombia
44,1,Canada
11649,1,United States
5657,1,United Kingdom
8069,1,Burma
3316,1,Brunei
1872,1,Costa Rica
11684,1,Canada
7087,1,United States
2493,1,Antarctica
6299,1,Australia
1705,1,Turkey
7716,1,United States
1126,1,Egypt
1339,1,France
3547,1,United States
11758,1,Canada
13561,1,Kyrgyzstan
6181,1,Nepal
1181,1,Tanzania
9798,1,United States
1410,1,France
6221,1,Malaysia
3425,1,United States
639,1,Norway
4253,1,United States
274,1,Nigeria
3281,1,Indonesia
1681,1,Turkey
13482,1,China
5682,1,Ethiopia
4084,1,United States
8308,1,United States
13514,1,India
3522,1,United States
13341,1,Canada
8759,1,United States
8761,1,Ecuador
565,1,United Kingdom
7571,1,Australia
9185,1,United States
991,1,Seychelles
9393,1,Guatemala
5797,1,Turkey
7599,1,Kiribati
7800,1,Germany
11004,1,United States
218,1,Algeria
4220,1,United States
823,1,South Africa
3025,1,Sri Lanka
3850,1,United States
5850,1,Haiti
450,1,Finland
8083,1,Namibia
8284,1,United States
686,1,Sweden
11909,1,Pakistan
3314,1,Singapore
720,1,Sweden
926,1,Madagascar
10131,1,United States
335,1,Germany
11142,1,Brazil
1171,1,Sudan
11177,1,Brazil
8779,1,Russia
2782,1,Peru
7990,1,United States
9790,1,United States
1429,1,France
2646,1,Chile
9248,1,Canada
8248,1,Brazil
654,1,Norway
5863,1,Cook Islands
8086,1,Germany
8291,1,United States
14102,1,Philippines
8113,1,Germany
1319,1,France
11524,1,Russia
6726,1,Philippines
1327,1,France
1927,1,Bahamas
10129,1,United States
10132,1,United States
13138,1,United States
11141,1,United States
4146,1,Montserrat
8351,1,Australia
11754,1,Canada
13762,1,Botswana
8367,1,United States
10776,1,Germany
11977,1,Russia
781,1,Germany
3004,1,India
1014,1,Malawi
12033,1,Australia
2840,1,Venezuela
7849,1,United States
7254,1,Canada
1457,1,Greece
12059,1,Brazil
13480,1,China
5882,1,Tonga
95,1,Canada
13496,1,China
11499,1,China
702,1,Sweden
2502,1,Argentina
8926,1,China
1527,1,Italy
9137,1,Germany
8746,1,Russia
9546,1,United States
2355,1,Japan
357,1,Germany
13758,1,United States
962,1,Angola
1778,1,Jamaica
8985,1,United Kingdom
13401,1,Paraguay
817,1,South Africa
228,1,Algeria
7262,1,Canada
2265,1,Taiwan
3870,1,United States
878,1,Botswana
8285,1,United States
6108,1,Ukraine
6927,1,Switzerland
13532,1,Indonesia
8134,1,United States
13335,1,Australia
1542,1,Italy
7143,1,United States
1763,1,Dominican Republic
763,1,Germany
13374,1,Greenland
1383,1,France
6990,1,Ukraine
13592,1,Philippines
6993,1,United States
2803,1,Peru
1806,1,Mexico
3207,1,Burma
3815,1,United States
8219,1,United States
9830,1,Tanzania
6031,1,Argentina
6845,1,United States
11846,1,United States
4254,1,United States
7659,1,United States
9860,1,United Kingdom
3064,1,India
11883,1,Italy
5708,1,Tanzania
8124,1,Germany
3335,1,Australia
6751,1,Peru
3316,1,Christmas Island
13155,1,United States
361,1,Germany
3769,1,United States
13575,1,Oman
3982,1,Yemen
11993,1,Russia
6996,1,United States
11804,1,Botswana
11807,1,Malawi
3013,1,India
2220,1,Pakistan
2206,1,Pakistan
8840,1,Maldives
11844,1,United States
13248,1,Germany
3998,1,Gambia
3386,1,Micronesia
1259,1,France
11905,1,Iran
2306,1,Japan
2323,1,Japan
11930,1,Brazil
138,1,Canada
6145,1,Russia
10746,1,United Kingdom
7548,1,Iraq
2754,1,Colombia
8356,1,Canada
12361,1,Australia
6362,1,China
1576,1,Czech Republic
3998,1,Turkmenistan
5788,1,Hungary
13593,1,Philippines
9796,1,Canada
397,1,Germany
11806,1,Angola
14,1,Iceland
5814,1,Marshall Islands
1616,1,Portugal
5619,1,Madagascar
2627,1,Brazil
3831,1,United States
8860,1,Germany
6464,1,Russia
667,1,Poland
1671,1,Switzerland
11872,1,Albania
7675,1,Brazil
11879,1,Spain
489,1,United Kingdom
7693,1,United States
96,1,Canada
8501,1,Germany
911,1,Zambia
11713,1,China
1513,1,Italy
11915,1,Iraq
6327,1,Australia
6930,1,Switzerland
3139,1,India
11948,1,Kyrgyzstan
11772,1,Canada
8975,1,United Kingdom
4376,1,Russia
2580,1,Brazil
8784,1,United States
13390,1,Greenland
3959,1,Sweden
11796,1,Poland
11010,1,United States
3230,1,Burma
5831,1,Honduras
11835,1,United States
8260,1,Brazil
6060,1,Bolivia
869,1,South Africa
13072,1,United States
11072,1,Kazakhstan
11079,1,United States
1302,1,France
3306,1,Malaysia
7909,1,Maldives
9521,1,Reunion
2127,1,Iran
928,1,Madagascar
3344,1,Australia
8747,1,United States
1954,1,Bahamas
8980,1,Australia
9795,1,United States
5598,1,Sweden
9001,1,Australia
4222,1,United States
226,1,Algeria
11848,1,United States
1666,1,Switzerland
3669,1,United States
3471,1,United States
7497,1,United States
4307,1,Guyana
6107,1,Ukraine
6336,1,Australia
4029,1,Ukraine
3360,1,Australia
9162,1,Russia
9779,1,United States
1380,1,France
6984,1,Switzerland
8187,1,United States
7816,1,Poland
2435,1,Philippines
9853,1,Australia
11863,1,United States
3668,1,United States
3479,1,United States
11892,1,Moldova
8693,1,United States
13307,1,Australia
6922,1,Russia
1129,1,Egypt
6339,1,Australia
8950,1,United States
8752,1,Indonesia
8954,1,Brazil
8762,1,Ecuador
12182,1,Australia
6991,1,Nepal
11791,1,Poland
9006,1,Australia
1420,1,France
1024,1,Congo (Kinshasa)
3229,1,Burma
9832,1,Tanzania
2450,1,Argentina
3054,1,India
13687,1,Uganda
8890,1,Cuba
1294,1,France
11895,1,Guatemala
1095,1,Mauritania
7703,1,France
6914,1,Australia
3915,1,Indonesia
9136,1,Denmark
3742,1,United States
13346,1,Dominican Republic
2351,1,Japan
13754,1,Chile
764,1,Germany
8972,1,United Kingdom
10178,1,Switzerland
7581,1,United States
2186,1,United Arab Emirates
2589,1,Brazil
8995,1,Australia
13004,1,Australia
7409,1,Angola
13,1,Iceland
1641,1,Portugal
7642,1,Greenland
6048,1,Falkland Islands
2465,1,Argentina
9068,1,Australia
1271,1,France
2273,1,Taiwan
74,1,Canada
2080,1,Saudi Arabia
82,1,Canada
6283,1,Australia
6887,1,Greece
1092,1,Mauritania
13718,1,Portugal
934,1,Madagascar
13356,1,Greenland
3562,1,United States
12165,1,Colombia
770,1,Germany
1377,1,France
5982,1,Papua New Guinea
11389,1,Bhutan
13597,1,Brazil
12000,1,India
1805,1,Mexico
1411,1,France
13020,1,Zimbabwe
424,1,Finland
13227,1,Australia
6239,1,Australia
12041,1,Australia
11243,1,United States
8088,1,Germany
4289,1,Australia
2514,1,Argentina
7323,1,Suriname
2527,1,Brazil
3133,1,India
11739,1,Germany
6155,1,Russia
12961,1,New Zealand
11767,1,Canada
13602,1,Fiji
6210,1,Indonesia
2218,1,Pakistan
3619,1,United States
12039,1,Australia
846,1,South Africa
12050,1,China
2055,1,Afghanistan
10116,1,Australia
516,1,United Kingdom
9126,1,United States
1935,1,Bahamas
13364,1,Greenland
767,1,Germany
3361,1,Samoa
13379,1,Greenland
5995,1,Japan
2797,1,Peru
7198,1,United States
399,1,Germany
3847,1,United States
9249,1,United States
2654,1,Chile
3656,1,United States
8665,1,United States
84,1,Canada
8689,1,Germany
2695,1,Ecuador
3311,1,East Timor
8116,1,Germany
507,1,Djibouti
13520,1,Indonesia
6522,1,Germany
5528,1,Canada
1733,1,Turkey
765,1,Germany
7769,1,United States
1573,1,Czech Republic
8577,1,United Kingdom
9207,1,Australia
208,1,Algeria
9218,1,Kenya
6230,1,Malaysia
9241,1,Canada
3452,1,United States
5678,1,Ethiopia
9484,1,Spain
1086,1,Senegal
11088,1,United States
13489,1,China
8701,1,South Africa
512,1,United Kingdom
10114,1,Mexico
8318,1,United States
6330,1,Australia
3998,1,Iran
8335,1,Morocco
336,1,Germany
13336,1,United States
11743,1,Canada
11759,1,Canada
13363,1,Greenland
7766,1,Nepal
2770,1,Bolivia
13572,1,Nepal
375,1,Germany
8601,1,United States
4208,1,Germany
1301,1,France
103,1,Canada
13106,1,Faroe Islands
1915,1,Cuba
12918,1,Australia
1333,1,France
2736,1,Colombia
11354,1,Maldives
6773,1,Kenya
7575,1,Australia
4185,1,Nepal
11991,1,Russia
6199,1,Burma
10804,1,Faroe Islands
8404,1,Canada
7611,1,New Zealand
1215,1,Spain
627,1,Denmark
6029,1,Argentina
3451,1,United States
257,1,Cote d'Ivoire
7263,1,Canada
11874,1,Bulgaria
475,1,United Kingdom
7484,1,Russia
2707,1,Colombia
8111,1,Germany
1342,1,France
10378,1,Australia
987,1,Mozambique
7592,1,Kiribati
7815,1,Poland
2019,1,New Zealand
1419,1,France
1620,1,Portugal
11849,1,United States
6871,1,United States
6873,1,United States
76,1,Canada
2478,1,Argentina
11479,1,Nicaragua
1281,1,France
8290,1,United States
8694,1,Russia
3095,1,India
4295,1,Cambodia
11096,1,United States
2703,1,Paraguay
13306,1,Australia
1311,1,France
2520,1,Brazil
327,1,Germany
4137,1,Iraq
6948,1,United States
354,1,Germany
13355,1,Greenland
9164,1,United States
7566,1,Australia
6184,1,Maldives
2187,1,United Arab Emirates
793,1,South Africa
9397,1,Indonesia
13199,1,Germany
1401,1,France
7805,1,United Kingdom
7610,1,New Zealand
12025,1,Australia
8034,1,United States
3438,1,United States
3998,1,Benin
2655,1,Chile
12057,1,China
1864,1,Nicaragua
7523,1,United States
3334,1,Australia
4138,1,Iraq
7339,1,Suriname
3141,1,India
3386,1,Burma
11749,1,Canada
3554,1,United States
1373,1,France
11181,1,Brazil
2585,1,Brazil
11788,1,United Kingdom
5789,1,Hungary
2605,1,Brazil
12007,1,Russia
3419,1,United States
8644,1,United States
5459,1,Canada
11866,1,United States
8467,1,Austria
2700,1,Paraguay
11911,1,Pakistan
8946,1,Ukraine
13369,1,Greenland
2375,1,South Korea
9787,1,United States
13011,1,New Zealand
13230,1,Brazil
1632,1,Portugal
11832,1,United States
42,1,Canada
6254,1,Australia
8660,1,India
6273,1,Australia
6280,1,Australia
682,1,Sweden
2302,1,Japan
2704,1,Paraguay
7913,1,Australia
11932,1,Chile
3340,1,Australia
1146,1,Kenya
6161,1,Russia
761,1,Germany
3962,1,Armenia
8968,1,Chile
9188,1,United States
9189,1,United States
8192,1,Kazakhstan
1396,1,France
1811,1,Mexico
9414,1,United States
617,1,Denmark
813,1,Lesotho
13424,1,Russia
9428,1,United States
13229,1,China
2829,1,Venezuela
8031,1,Canada
8472,1,Australia
6279,1,Australia
11082,1,United States
3487,1,United States
6899,1,Australia
1702,1,Turkey
2111,1,Iran
2315,1,Japan
1921,1,Cuba
7722,1,United Kingdom
7130,1,Australia
9134,1,Russia
10144,1,United States
8348,1,Australia
1748,1,Slovakia
12950,1,United States
8165,1,Faroe Islands
577,1,United Kingdom
2777,1,Peru
780,1,Germany
2383,1,South Korea
8419,1,South Korea
7633,1,Namibia
8838,1,United States
8846,1,Croatia
452,1,Finland
3854,1,United States
1484,1,Greece
6911,1,Germany
725,1,Sweden
539,1,United Kingdom
4151,1,Burma
1751,1,Slovakia
4184,1,Nepal
3785,1,United States
4186,1,Nepal
9186,1,United States
9390,1,United States
3592,1,United States
13192,1,China
9800,1,United States
215,1,Algeria
13622,1,Indonesia
13439,1,United States
7442,1,Senegal
9053,1,India
6061,1,Suriname
9862,1,United Kingdom
5690,1,Egypt
8295,1,United States
3500,1,United States
3309,1,East Timor
7518,1,Seychelles
13725,1,India
10141,1,Russia
6746,1,Iran
6762,1,India
7980,1,United States
7600,1,Kiribati
1590,1,Israel
2020,1,New Zealand
8633,1,Poland
7835,1,Netherlands
1239,1,Spain
13648,1,New Zealand
7855,1,Germany
2855,1,Venezuela
8861,1,Germany
5669,1,Western Sahara
4073,1,United States
8480,1,Tanzania
5481,1,Canada
7481,1,Russia
8292,1,United States
1896,1,Haiti
3703,1,United States
7106,1,United States
11924,1,South Korea
11944,1,Colombia
11961,1,Russia
5561,1,United Kingdom
7564,1,Taiwan
13772,1,Brazil
13773,1,Canada
2794,1,Peru
8394,1,United States
2805,1,Peru
12006,1,Russia
2406,1,Philippines
7812,1,Poland
3834,1,United States
1661,1,Romania
7663,1,United States
7465,1,Iceland
2274,1,Taiwan
11876,1,Bulgaria
3291,1,Indonesia
13491,1,Brazil
7296,1,Nicaragua
8102,1,Germany
2702,1,Paraguay
13707,1,United States
318,1,Germany
3935,1,Thailand
5541,1,Canada
7348,1,Guyana
1351,1,France
2367,1,South Korea
6177,1,Laos
383,1,Germany
389,1,Germany
9792,1,United States
9797,1,United States
6207,1,Indonesia
2209,1,Pakistan
13214,1,Guinea
11022,1,United States
11824,1,United States
833,1,South Africa
10057,1,Afghanistan
3998,1,Sierra Leone
463,1,Finland
13266,1,Laos
8277,1,United States
1902,1,Cuba
13711,1,Canada
6115,1,Belarus
317,1,Germany
507,1,Burundi
11332,1,Pakistan
7140,1,United States
8943,1,Mozambique
2144,1,Iran
6759,1,Iran
387,1,Germany
2391,1,Japan
401,1,Germany
11008,1,United States
7810,1,Belgium
5617,1,Madagascar
419,1,Finland
2428,1,Philippines
11834,1,United States
2043,1,New Zealand
254,1,Cote d'Ivoire
9276,1,United Kingdom
13479,1,China
8695,1,Russia
1507,1,Italy
9123,1,Congo (Kinshasa)
13726,1,China
8927,1,Brazil
7732,1,United States
1734,1,Moldova
4342,1,United States
8142,1,United States
9542,1,Australia
2143,1,Iran
8344,1,Russia
11946,1,Peru
11988,1,Russia
396,1,Germany
9406,1,United States
8427,1,Russia
3227,1,Burma
8230,1,French Guiana
11031,1,Australia
4058,1,United States
2866,1,Venezuela
13467,1,Tanzania
1669,1,Switzerland
3470,1,United States
8302,1,United States
1718,1,Turkey
9124,1,Antarctica
13127,1,United States
2329,1,Japan
1749,1,Slovakia
2353,1,Japan
11958,1,Russia
963,1,Gabon
163,1,Canada
1964,1,Tonga
971,1,Gabon
3172,1,Thailand
572,1,United Kingdom
3998,1,Lebanon
8178,1,Netherlands
11978,1,Russia
2392,1,Japan
595,1,Netherlands
997,1,Chad
9233,1,Thailand
7437,1,Mozambique
5649,1,Congo (Kinshasa)
2253,1,Midway Islands
9054,1,Russia
1857,1,Mexico
1861,1,Nicaragua
8871,1,United States
7475,1,Russia
2098,1,Iran
5764,1,United States
9178,1,United States
7983,1,United States
9783,1,United States
10185,1,United States
13601,1,Fiji
204,1,Canada
8405,1,United Kingdom
12009,1,Russia
7217,1,United States
13830,1,Brazil
8835,1,United States
8035,1,Germany
13643,1,Brazil
11845,1,United States
8853,1,United Kingdom
6859,1,Turkmenistan
5663,1,Sierra Leone
8872,1,Belgium
6076,1,Guadeloupe
3677,1,United States
6481,1,United States
1483,1,Greece
7692,1,United States
13497,1,Brazil
11312,1,United States
13715,1,United States
2515,1,Argentina
3317,1,Australia
507,1,Nepal
11132,1,Germany
5537,1,Canada
7939,1,Czech Republic
11144,1,Brazil
8349,1,Australia
2953,1,Belarus
2553,1,Brazil
3154,1,India
3756,1,United States
11178,1,Brazil
11779,1,Canada
12980,1,Brazil
8397,1,United States
12008,1,Russia
3211,1,Burma
814,1,South Africa
9415,1,United States
3027,1,Sri Lanka
6049,1,Colombia
11055,1,Russia
11859,1,United States
3866,1,United States
5679,1,Ethiopia
690,1,Sweden
1893,1,El Salvador
3109,1,India
11714,1,China
2119,1,Iran
7333,1,Suriname
13142,1,United States
1547,1,Italy
11748,1,Canada
2951,1,Belarus
5777,1,United States
186,1,Canada
6798,1,Germany
4213,1,Brazil
12014,1,Australia
7817,1,United States
8218,1,Canada
7620,1,Solomon Islands
3837,1,United States
11038,1,Australia
8473,1,United States
9891,1,Indonesia
9093,1,United States
695,1,Sweden
8097,1,Denmark
500,1,United Kingdom
712,1,Sweden
7126,1,United States
2529,1,Brazil
2342,1,Japan
748,1,Sweden
12958,1,Australia
5560,1,Finland
13566,1,Laos
4172,1,Nepal
3178,1,Thailand
13792,1,Australia
13398,1,Brazil
3810,1,United States
2216,1,Pakistan
7222,1,Argentina
7025,1,United States
444,1,Finland
7047,1,Germany
2451,1,Argentina
13453,1,Poland
6257,1,Australia
58,1,Canada
2473,1,Argentina
6077,1,Guadeloupe
281,1,Niger
6482,1,United States
9091,1,Russia
8493,1,United States
9095,1,Australia
8095,1,Germany
7498,1,United Kingdom
11110,1,United States
7720,1,United States
7120,1,United States
7724,1,Estonia
12957,1,Australia
1966,1,Kiribati
2571,1,Brazil
3998,1,French Guiana
9376,1,Russia
7978,1,United States
13183,1,Germany
2593,1,Brazil
197,1,Canada
6201,1,Burma
8005,1,United States
405,1,Germany
1022,1,Congo (Kinshasa)
623,1,Denmark
8625,1,United States
13627,1,French Polynesia
2668,1,Ecuador
10080,1,Norway
8281,1,United States
7086,1,United States
13490,1,China
11094,1,United States
5695,1,Kenya
303,1,Belgium
10103,1,United States
11904,1,Iran
2318,1,Japan
3525,1,United States
3735,1,United States
10938,1,China
11756,1,Canada
8358,1,Canada
8162,1,United States
3574,1,United States
376,1,Germany
2178,1,Lebanon
8983,1,New Zealand
2190,1,United Arab Emirates
11194,1,Congo (Kinshasa)
798,1,South Africa
2601,1,Brazil
7820,1,Canada
1622,1,Portugal
8824,1,United States
12029,1,Australia
1433,1,France
12044,1,Australia
5849,1,Costa Rica
5654,1,Congo (Kinshasa)
477,1,United Kingdom
11097,1,United States
4102,1,New Zealand
8519,1,United States
332,1,Germany
8139,1,United States
8147,1,Canada
1961,1,Fiji
3998,1,Guinea
2766,1,Bolivia
11970,1,Russia
2171,1,Jordan
12984,1,Australia
7985,1,United States
1586,1,Czech Republic
3786,1,United States
9388,1,France
191,1,Canada
11195,1,Congo (Kinshasa)
1199,1,Cyprus
13805,1,Botswana
8620,1,Germany
2229,1,Pakistan
2832,1,Venezuela
3432,1,United States
8236,1,Uruguay
1643,1,Portugal
9251,1,United States
12069,1,Peru
13474,1,China
2282,1,Japan
8293,1,United States
6296,1,Australia
8503,1,United States
5519,1,Canada
8130,1,Burma
11744,1,Canada
2760,1,Bolivia
1178,1,Tanzania
3780,1,United States
5791,1,Italy
1201,1,Croatia
5413,1,Solomon Islands
633,1,Norway
2241,1,Qatar
4275,1,United States
6478,1,Switzerland
13483,1,China
483,1,United Kingdom
1487,1,Greece
11091,1,United States
696,1,Sweden
3508,1,United States
14110,1,Ukraine
8723,1,Russia
1928,1,Bahamas
11938,1,Colombia
7542,1,Portugal
9348,1,United States
950,1,Angola
3565,1,United States
3767,1,United States
3386,1,North Korea
8796,1,United States
9407,1,United States
13411,1,France
26,1,Canada
11831,1,United States
2436,1,Argentina
7847,1,United States
848,1,South Africa
11049,1,France
7251,1,Canada
5651,1,Congo (Kinshasa)
13881,1,Brazil
7711,1,Russia
8328,1,Ukraine
6335,1,Australia
3338,1,Australia
5947,1,Pakistan
8776,1,Azerbaijan
9378,1,Russia
7378,1,Brazil
3993,1,United States
7595,1,Kiribati
597,1,Ireland
12017,1,Australia
11836,1,United States
3455,1,United States
6057,1,Bolivia
4060,1,Tanzania
5460,1,Canada
5866,1,Cook Islands
7066,1,United States
6479,1,France
8684,1,Laos
3688,1,United States
7489,1,Spain
9897,1,Indonesia
3998,1,Isle of Man
1522,1,Italy
8928,1,United States
2138,1,Iran
5944,1,Pakistan
13347,1,El Salvador
8971,1,China
3575,1,United States
8189,1,Italy
11996,1,India
8406,1,Australia
8409,1,United States
5611,1,Congo (Brazzaville)
6227,1,Indonesia
8246,1,Brazil
11862,1,United States
864,1,South Africa
11871,1,Albania
1877,1,Costa Rica
14091,1,China
3891,1,Indonesia
3492,1,United States
8710,1,Kenya
7311,1,Argentina
2112,1,Iran
7726,1,Germany
11940,1,Colombia
8353,1,Australia
159,1,Canada
1959,1,Cook Islands
3766,1,United States
10166,1,Japan
1368,1,France
969,1,Gabon
570,1,United Kingdom
8380,1,Australia
11992,1,Russia
9199,1,United States
602,1,Ireland
6213,1,Indonesia
213,1,Algeria
7621,1,United States
7826,1,United States
4227,1,United States
11827,1,United States
9042,1,Russia
13649,1,New Zealand
13472,1,China
2873,1,Guyana
6894,1,Austria
13499,1,Brazil
4104,1,New Zealand
1305,1,France
2314,1,Japan
7327,1,Suriname
8742,1,United States
142,1,Canada
4175,1,Nepal
978,1,Mozambique
13180,1,United Kingdom
1381,1,France
12392,1,Australia
8608,1,United States
13808,1,Tanzania
7414,1,Egypt
836,1,South Africa
5636,1,Gabon
7048,1,United States
11850,1,United States
3682,1,Barbados
1882,1,Costa Rica
6483,1,United Kingdom
11086,1,United States
510,1,United Kingdom
11916,1,Iraq
7354,1,Colombia
2558,1,Brazil
766,1,Germany
378,1,Germany
1387,1,France
392,1,Germany
11401,1,Indonesia
808,1,South Africa
6843,1,Japan
3386,1,Guam
13669,1,Brazil
12470,1,Germany
6274,1,Australia
6091,1,Russia
5493,1,Canada
1695,1,Turkey
114,1,Canada
3351,1,Cocos (Keeling) Islands
6520,1,Austria
932,1,Madagascar
8545,1,United States
7347,1,Guyana
1349,1,France
7550,1,Japan
1161,1,Libya
11179,1,Brazil
13389,1,Greenland
1599,1,Israel
1003,1,Zimbabwe
6833,1,Qatar
51,1,Canada
11852,1,United States
8854,1,United States
7854,1,Ukraine
7654,1,United States
2661,1,Antarctica
7875,1,United States
11685,1,Latvia
101,1,Canada
2105,1,Iran
8122,1,United States
8526,1,United States
7727,1,United States
931,1,Madagascar
11955,1,Armenia
6163,1,Russia
8967,1,Chile
5969,1,United States
1577,1,Czech Republic
13381,1,Greenland
13382,1,Greenland
203,1,Canada
11813,1,Sudan
13460,1,Senegal
6860,1,Australia
3277,1,Indonesia
5683,1,Ethiopia
2692,1,Ecuador
7294,1,Nicaragua
7496,1,United States
2500,1,Argentina
2505,1,Argentina
12109,1,Togo
4316,1,Tunisia
3523,1,United States
7938,1,United States
13544,1,Indonesia
7346,1,Guyana
6754,1,Uzbekistan
3682,1,Turks and Caicos Islands
11969,1,Russia
4379,1,Russia
11794,1,Poland
2010,1,New Zealand
6017,1,Philippines
7019,1,United States
5623,1,Madagascar
11826,1,United States
1631,1,Portugal
3643,1,United States
861,1,South Africa
265,1,Nigeria
3361,1,Tuvalu
13078,1,Serbia
6886,1,United Kingdom
13494,1,China
902,1,Cameroon
11918,1,United States
3723,1,United States
738,1,Sweden
735,1,Sweden
9739,1,United States
13344,1,Nicaragua
8357,1,Canada
964,1,Gabon
5783,1,France
2784,1,Peru
788,1,Germany
8996,1,Australia
1398,1,France
1011,1,Zimbabwe
7412,1,Angola
1021,1,Congo (Kinshasa)
12040,1,Australia
3654,1,United States
9255,1,Norway
4075,1,Chile
3060,1,India
278,1,Nigeria
1085,1,Senegal
9103,1,Indonesia
14104,1,Russia
11907,1,Lebanon
13120,1,Germany
1747,1,Slovakia
8152,1,Brazil
13760,1,Pakistan
2778,1,Peru
7381,1,Brazil
1595,1,Israel
6027,1,Argentina
6244,1,Australia
4257,1,United States
3682,1,Bermuda
3682,1,Panama
9874,1,Indonesia
7278,1,Mexico
2481,1,Argentina
3695,1,United States
8696,1,Australia
2300,1,Japan
903,1,Cameroon
904,1,Cameroon
7325,1,Suriname
10134,1,United States
9935,1,Indonesia
4139,1,Iraq
13540,1,Indonesia
7947,1,Antarctica
751,1,Germany
11352,1,Nepal
3567,1,United States
8772,1,United States
7578,1,Antarctica
7780,1,Canada
7981,1,United States
1788,1,Mexico
5792,1,Italy
1002,1,Zimbabwe
6206,1,Indonesia
11809,1,Namibia
9412,1,United States
11815,1,United States
9819,1,Morocco
6422,1,Ireland
3422,1,United States
3036,1,Cambodia
2444,1,Argentina
7268,1,Canada
11673,1,Australia
2289,1,Japan
2694,1,Ecuador
5494,1,Canada
97,1,Canada
3907,1,Indonesia
7511,1,United States
8717,1,Kenya
1331,1,France
8932,1,United Kingdom
1336,1,France
9937,1,Canada
3552,1,United States
558,1,United Kingdom
7963,1,Ukraine
4180,1,Nepal
1781,1,Jamaica
7583,1,United States
1195,1,Bulgaria
6425,1,Poland
7027,1,Switzerland
6050,1,Colombia
2257,1,Micronesia
11269,1,Uruguay
11880,1,Spain
1690,1,Turkey
104,1,Canada
5717,1,United States
3521,1,United States
7353,1,Paraguay
3557,1,United States
365,1,Germany
11968,1,Ukraine
7572,1,Australia
9773,1,United States
377,1,Germany
8989,1,United States
2393,1,Japan
7021,1,United States
3044,1,India
12052,1,China
479,1,United Kingdom
482,1,United Kingdom
1283,1,France
916,1,Mauritius
8119,1,Germany
13123,1,United States
7125,1,Brazil
727,1,Sweden
945,1,Angola
8148,1,Namibia
3549,1,United States
13550,1,Iran
507,1,Libya
1559,1,Italy
11763,1,Canada
7565,1,Turkmenistan
3588,1,United States
13400,1,Brazil
3005,1,India
9409,1,United States
11814,1,United States
3625,1,United States
13629,1,French Polynesia
4229,1,United States
13631,1,Papua New Guinea
13432,1,Russia
6844,1,United States
68,1,Canada
6896,1,Australia
2519,1,Brazil
12528,1,United States
11131,1,United States
5743,1,Marshall Islands
6947,1,Bosnia and Herzegovina
11752,1,Canada
10156,1,Russia
8560,1,United States
13367,1,Greenland
3436,1,United States
8850,1,United States
9253,1,Czech Republic
7063,1,United States
7480,1,Russia
13681,1,Ukraine
2101,1,Iran
8112,1,Germany
741,1,Sweden
5962,1,United States
370,1,Germany
2598,1,Brazil
6809,1,Australia
13428,1,Russia
8460,1,United States
3860,1,United States
11074,1,United States
11875,1,Bulgaria
11877,1,Bulgaria
484,1,United Kingdom
1088,1,Senegal
8091,1,Germany
8698,1,Ireland
9899,1,Indonesia
1503,1,Italy
2906,1,Saint Vincent and the Grenadines
3106,1,India
7514,1,United States
2343,1,Japan
9789,1,United States
790,1,South Africa
9818,1,Australia
13421,1,Belarus
8435,1,Russia
3640,1,United States
7651,1,United States
7061,1,United States
11869,1,Albania
3869,1,United States
2073,1,Saudi Arabia
7686,1,Botswana
11894,1,Serbia
697,1,Sweden
6506,1,French Guiana
8138,1,United States
8951,1,United States
1758,1,Dominican Republic
759,1,Germany
564,1,United Kingdom
1366,1,France
11967,1,Ukraine
568,1,United Kingdom
2977,1,Turkmenistan
9793,1,United States
6794,1,Australia
7814,1,Poland
6032,1,Argentina
5835,1,Mexico
8855,1,Germany
13466,1,Tanzania
8873,1,Belgium
1076,1,Morocco
3482,1,United States
8889,1,China
6897,1,Australia
7905,1,Germany
3509,1,United States
3312,1,Singapore
13713,1,Malawi
8715,1,Kenya
320,1,Germany
524,1,United Kingdom
3998,1,Moldova
11957,1,Russia
3158,1,Thailand
9780,1,United States
807,1,South Africa
12011,1,Australia
8816,1,Mali
7022,1,Canada
2224,1,Pakistan
1025,1,Congo (Kinshasa)
8825,1,Afghanistan
11035,1,United States
1437,1,France
6454,1,United Kingdom
1258,1,France
3466,1,United States
7880,1,United States
8681,1,United States
3682,1,Aruba
896,1,Cameroon
11702,1,Canada
8512,1,United States
7714,1,Austria
131,1,Canada
7931,1,United States
10937,1,China
1947,1,Bahamas
13158,1,United States
980,1,Mozambique
1583,1,Czech Republic
11987,1,Russia
1189,1,Uganda
1600,1,Israel
3208,1,Burma
8811,1,United States
8815,1,United States
2625,1,Brazil
2838,1,Venezuela
6042,1,Chile
6445,1,United States
3651,1,United States
5453,1,Iceland
1260,1,France
7662,1,United States
7269,1,Canada
12672,1,United States
5676,1,Ethiopia
13492,1,Brazil
7903,1,Germany
306,1,Belgium
7717,1,United States
326,1,Germany
9528,1,Cambodia
5938,1,Pakistan
11966,1,Ukraine
6968,1,United States
10169,1,United States
11976,1,Russia
5790,1,Hungary
5607,1,Botswana
23,1,Canada
4228,1,United States
13451,1,Libya
8654,1,United States
2056,1,Afghanistan
11861,1,United States
66,1,Canada
3274,1,Indonesia
1891,1,Costa Rica
8500,1,Germany
12106,1,Benin
13722,1,Japan
329,1,Germany
11331,1,Pakistan
3132,1,India
10151,1,Zimbabwe
10173,1,France
11979,1,Russia
581,1,Netherlands
13610,1,New Zealand
621,1,Denmark
7030,1,Ireland
3635,1,United States
9247,1,Canada
1653,1,Romania
11273,1,Australia
2674,1,Ecuador
2277,1,Taiwan
2686,1,Ecuador
1492,1,Hungary
10104,1,United States
5705,1,Tanzania
1917,1,Cuba
2120,1,Iran
11929,1,Argentina
10142,1,Panama
11942,1,Colombia
9545,1,United States
1945,1,Bahamas
546,1,United Kingdom
7948,1,Kenya
556,1,United Kingdom
13360,1,Greenland
10163,1,Japan
8365,1,Canada
1566,1,Italy
7582,1,United States
10803,1,Faroe Islands
13210,1,Australia
611,1,Denmark
3416,1,United States
8820,1,Australia
3639,1,United States
13447,1,Congo (Brazzaville)
10061,1,India
7710,1,Russia
7725,1,Finland
5926,1,Saudi Arabia
2530,1,Brazil
6331,1,Australia
8331,1,Sudan
12946,1,Papua New Guinea
2758,1,Bolivia
12360,1,Australia
2371,1,South Korea
588,1,Netherlands
3198,1,Vietnam
6211,1,Indonesia
7426,1,Kenya
11833,1,United States
8474,1,United States
11098,1,United States
11099,1,United States
2100,1,Iran
14101,1,Oman
8306,1,United States
6910,1,Germany
4313,1,Egypt
513,1,United Kingdom
11925,1,Japan
9129,1,Nepal
8140,1,United States
11757,1,Canada
1164,1,Rwanda
5570,1,United Kingdom
13580,1,Philippines
386,1,Germany
9387,1,United States
1388,1,France
11990,1,Russia
9403,1,United States
12024,1,Australia
434,1,Finland
12037,1,Australia
847,1,South Africa
5650,1,Congo (Kinshasa)
7652,1,United States
13267,1,United States
272,1,Nigeria
875,1,South Africa
678,1,Poland
289,1,Tunisia
4293,1,United States
8894,1,United Kingdom
2516,1,Argentina
322,1,Germany
528,1,United Kingdom
1139,1,Kenya
13144,1,United States
12163,1,Brazil
8364,1,Canada
8974,1,China
1580,1,Czech Republic
2181,1,United Arab Emirates
4387,1,United States
404,1,Germany
7014,1,United States
1618,1,Portugal
7418,1,Ethiopia
13624,1,French Polynesia
13642,1,United States
2652,1,Chile
504,1,United Kingdom
10110,1,Guinea-Bissau
6323,1,Australia
12941,1,Hungary
782,1,Germany
11202,1,Brazil
5408,1,Solomon Islands
1430,1,France
12054,1,China
2468,1,Argentina
13473,1,China
11890,1,Romania
9492,1,Romania
3499,1,United States
507,1,Comoros
3923,1,Indonesia
8347,1,Kuwait
753,1,Germany
11960,1,Russia
2563,1,Brazil
11776,1,Canada
4177,1,Nepal
4383,1,United States
6799,1,Austria
11019,1,Papua New Guinea
7627,1,American Samoa
13829,1,Spain
12036,1,Australia
8446,1,United States
12053,1,China
3386,1,Palau
6068,1,Peru
3279,1,Indonesia
5483,1,Canada
7291,1,Nicaragua
2321,1,Japan
526,1,United Kingdom
11328,1,Oman
6936,1,Russia
2348,1,Japan
11751,1,Canada
3963,1,Armenia
11765,1,Canada
9373,1,Russia
9782,1,United States
5782,1,France
11205,1,Brazil
214,1,Algeria
426,1,Finland
1449,1,Greece
507,1,Bahrain
4262,1,United States
464,1,Finland
7292,1,Nicaragua
9096,1,Australia
3998,1,Jersey
5706,1,Tanzania
7906,1,Burma
14107,1,Russia
4321,1,Iceland
10122,1,United States
7933,1,Germany
10951,1,Georgia
2552,1,Brazil
10155,1,Brazil
757,1,Germany
758,1,Germany
10363,1,China
11973,1,Russia
7979,1,United States
385,1,Germany
2396,1,Japan
11805,1,Zambia
7619,1,Solomon Islands
12032,1,Australia
7454,1,Estonia
2677,1,Ecuador
3386,1,Hong Kong
2486,1,Argentina
1291,1,France
98,1,Canada
2499,1,Argentina
701,1,Sweden
4107,1,Canada
8508,1,United States
319,1,Germany
9132,1,Nepal
7337,1,Suriname
9138,1,United States
11943,1,Colombia
8544,1,United States
555,1,United Kingdom
2225,1,Pakistan
8830,1,North Korea
7261,1,Canada
3888,1,Indonesia
11908,1,Pakistan
11129,1,Denmark
1731,1,Turkey
8135,1,United States
3343,1,Australia
5950,1,Pakistan
3167,1,Thailand
972,1,Sao Tome and Principe
8777,1,United States
787,1,Germany
6389,1,China
2810,1,Peru
219,1,Algeria
7629,1,United States
8039,1,Germany
8443,1,United States
3998,1,Mali
8646,1,United States
1049,1,Mali
11857,1,United States
13263,1,Canada
1101,1,Guinea
7924,1,Sierra Leone
7925,1,United States
7331,1,Suriname
3741,1,United States
2561,1,Brazil
3778,1,United States
9179,1,United States
2000,1,New Caledonia
5602,1,Latvia
7204,1,United States
417,1,Finland
1027,1,Congo (Kinshasa)
13438,1,Canada
9448,1,United States
2457,1,Argentina
258,1,Cote d'Ivoire
1664,1,Switzerland
1683,1,Turkey
6284,1,Australia
301,1,Belgium
3702,1,United States
9104,1,United States
1504,1,Italy
506,1,United Kingdom
10123,1,United States
2763,1,Bolivia
1168,1,Sudan
1769,1,Guatemala
7982,1,United States
1184,1,Tanzania
2592,1,Brazil
5592,1,Poland
8792,1,United States
9392,1,Djibouti
5993,1,Taiwan
2213,1,Pakistan
8615,1,Switzerland
13821,1,Burundi
9429,1,United States
1833,1,Mexico
7648,1,United States
1048,1,Mali
3052,1,India
1269,1,France
13074,1,United States
12090,1,Canada
11900,1,Saudi Arabia
5707,1,Tanzania
8714,1,Kenya
8514,1,United States
4121,1,Tanzania
2338,1,Japan
2139,1,Iran
13553,1,Japan
6956,1,United States
9187,1,United States
7591,1,Kiribati
10794,1,Brazil
7408,1,Algeria
2410,1,Philippines
1237,1,Spain
5845,1,Costa Rica
6252,1,Australia
8255,1,Brazil
8055,1,Taiwan
11658,1,Australia
9875,1,Indonesia
13684,1,Uganda
3295,1,Malaysia
8297,1,United States
3899,1,Indonesia
7114,1,United States
6326,1,Australia
7131,1,Kazakhstan
6136,1,United States
11738,1,Germany
6939,1,Russia
1345,1,France
6961,1,United States
11972,1,Russia
8780,1,Russia
791,1,South Africa
594,1,Netherlands
11994,1,Russia
6196,1,Burma
11201,1,Brazil
2013,1,New Zealand
17,1,Iceland
2817,1,Uruguay
8622,1,France
7042,1,United States
1046,1,Mali
3647,1,United States
7655,1,United States
466,1,United Kingdom
8667,1,United States
487,1,United Kingdom
1890,1,Costa Rica
14090,1,China
7510,1,Azerbaijan
5710,1,Uganda
4340,1,United States
2168,1,Iran
1372,1,France
3776,1,United States
13598,1,Australia
3607,1,United States
9416,1,United States
9228,1,United States
5838,1,Panama
2245,1,Guam
5851,1,Haiti
12058,1,Russia
6261,1,Australia
2464,1,Argentina
2466,1,Argentina
2871,1,Venezuela
11277,1,Fiji
2681,1,Ecuador
7886,1,United States
8090,1,Germany
7893,1,Germany
8294,1,United States
3897,1,Indonesia
13112,1,Namibia
3534,1,United States
6935,1,Russia
1144,1,Kenya
2366,1,South Korea
7768,1,Russia
7588,1,United States
13803,1,United States
2208,1,Pakistan
7416,1,Ethiopia
7023,1,United States
5627,1,Madagascar
12030,1,Australia
1635,1,Portugal
12043,1,Australia
9244,1,Canada
13463,1,Swaziland
5685,1,Somalia
1686,1,Turkey
2091,1,Saudi Arabia
1293,1,France
12096,1,Switzerland
3505,1,United States
13712,1,Norway
123,1,Canada
3124,1,Nepal
525,1,United Kingdom
7935,1,United States
3140,1,India
8143,1,United States
544,1,United Kingdom
5945,1,Pakistan
7360,1,Colombia
11964,1,Russia
8771,1,United States
13371,1,Greenland
6774,1,Honduras
1575,1,Czech Republic
1592,1,Israel
11012,1,United States
1615,1,Austria
853,1,South Africa
6866,1,Zimbabwe
8868,1,Belgium
3868,1,United States
7869,1,United States
1875,1,Costa Rica
6277,1,Australia
9079,1,Germany
8283,1,United States
7486,1,Russia
1299,1,France
14108,1,Russia
308,1,Belgium
7729,1,United States
13752,1,Australia
7559,1,Philippines
8363,1,Canada
4370,1,Russia
4173,1,Nepal
3779,1,United States
6985,1,South Africa
11792,1,Poland
1593,1,Israel
13600,1,Australia
8613,1,Switzerland
6226,1,Indonesia
11828,1,United States
2230,1,Pakistan
7650,1,United States
6465,1,Georgia
7867,1,Netherlands
11270,1,Uruguay
1096,1,Mauritania
3099,1,India
5513,1,Canada
561,1,United Kingdom
9770,1,China
1973,1,French Polynesia
9182,1,United States
6785,1,Turkey
388,1,Germany
2193,1,Oman
7596,1,Kiribati
5639,1,Chad
9450,1,United States
8459,1,Germany
7259,1,Canada
5868,1,Fiji
7469,1,Kazakhstan
3276,1,Indonesia
279,1,Niger
282,1,Niger
288,1,Tunisia
889,1,Central African Republic
2293,1,Japan
294,1,Tunisia
14106,1,Russia
7910,1,Morocco
518,1,United Kingdom
8120,1,Germany
3922,1,Indonesia
2128,1,Iran
3530,1,United States
2540,1,Brazil
11949,1,Kyrgyzstan
1358,1,France
5565,1,United Kingdom
1571,1,Slovenia
2185,1,United Arab Emirates
3386,1,Canada
4390,1,Hong Kong
194,1,Canada
11997,1,Sri Lanka
1809,1,Mexico
8627,1,Taiwan
3631,1,United States
1434,1,France
2240,1,Syria
2040,1,New Zealand
854,1,South Africa
11864,1,United States
5677,1,Ethiopia
3683,1,United States
7488,1,Spain
8299,1,United States
3102,1,India
3709,1,United States
2126,1,Iran
3538,1,United States
8743,1,United States
5558,1,Germany
1163,1,Libya
1365,1,France
4372,1,Russia
2184,1,United Arab Emirates
2791,1,Peru
13599,1,Australia
3605,1,United States
6808,1,Australia
7015,1,United States
3828,1,United States
11048,1,Switzerland
2859,1,Venezuela
1284,1,France
9886,1,Indonesia
7340,1,Suriname
6745,1,Philippines
13358,1,Greenland
11959,1,Russia
507,1,Kuwait
6009,1,Philippines
821,1,South Africa
1030,1,Congo (Kinshasa)
7830,1,Zambia
6033,1,Argentina
7244,1,United States
851,1,South Africa
11054,1,Canada
13457,1,Nigeria
7060,1,Canada
1660,1,Romania
12104,1,Benin
12340,1,Australia
11140,1,Uganda
10140,1,Australia
5542,1,Canada
11953,1,Russia
1159,1,Libya
760,1,Germany
1174,1,Sudan
3185,1,Thailand
8793,1,United States
9205,1,Zimbabwe
2415,1,Philippines
12016,1,Australia
1843,1,Mexico
443,1,Finland
7649,1,United States
12049,1,North Korea
11854,1,United States
2070,1,Saudi Arabia
5870,1,Fiji
3075,1,Bangladesh
11882,1,Italy
1292,1,France
13696,1,Turkey
7302,1,Jamaica
3503,1,United States
10105,1,United States
7712,1,United States
11917,1,Iraq
2118,1,Iran
8319,1,United States
7320,1,Kiribati
1736,1,Macedonia
11740,1,Croatia
10544,1,Brazil
13154,1,United States
559,1,United Kingdom
13562,1,Kyrgyzstan
897,1,Gabon
775,1,Germany
3176,1,Thailand
7778,1,United States
7379,1,Brazil
2814,1,Uruguay
5621,1,Madagascar
622,1,Denmark
2839,1,Venezuela
7443,1,Seychelles
7646,1,United States
1267,1,France
11873,1,Bulgaria
3088,1,India
6293,1,Australia
7701,1,Vietnam
9902,1,Australia
3682,1,Saint Vincent and the Grenadines
1913,1,Cuba
10943,1,China
3147,1,India
11766,1,Canada
1976,1,French Polynesia
1379,1,France
12183,1,Australia
5989,1,United States
8611,1,France
6214,1,Malaysia
2016,1,New Zealand
4225,1,United States
13452,1,Malawi
11452,1,Belgium
8273,1,United States
8075,1,Saudi Arabia
3292,1,Indonesia
1297,1,France
13114,1,United Kingdom
3518,1,United States
2319,1,Japan
11923,1,Japan
10723,1,Germany
7728,1,Netherlands
507,1,Madagascar
330,1,Germany
3539,1,United States
10942,1,China
8553,1,United States
8958,1,United States
965,1,Gabon
2386,1,Japan
6787,1,Myanmar
11798,1,Sweden
12619,1,Ukraine
5620,1,Madagascar
13423,1,Russia
13625,1,French Polynesia
9236,1,Canada
2242,1,Kiribati
1444,1,Greece
256,1,Cote d'Ivoire
681,1,Poland
8087,1,Germany
7487,1,Russia
6292,1,Australia
1325,1,France
11737,1,Germany
8342,1,United States
8556,1,United States
11356,1,Turkey
5761,1,United States
2765,1,Bolivia
381,1,Germany
11781,1,Canada
1393,1,France
8801,1,United States
6202,1,Burma
11208,1,Congo (Kinshasa)
11210,1,Brazil
7615,1,Solomon Islands
3417,1,United States
3835,1,United States
2836,1,Venezuela
2843,1,Venezuela
9857,1,China
8469,1,Japan
485,1,United Kingdom
6290,1,Australia
5492,1,Canada
11103,1,Poland
305,1,Belgium
6917,1,Puerto Rico
9141,1,Germany
754,1,Germany
956,1,Angola
3361,1,Tonga
8565,1,United States
13583,1,Philippines
7586,1,United States
7396,1,Brazil
9399,1,United States
8603,1,Germany
8007,1,Germany
5609,1,Botswana
7221,1,Argentina
2421,1,Philippines
507,1,Congo (Kinshasa)
1443,1,France
3051,1,India
3053,1,India
8461,1,Ecuador
7274,1,Canada
13080,1,United States
6282,1,Australia
7483,1,Russia
285,1,Niger
11887,1,Italy
6909,1,United States
1532,1,Italy
10149,1,South Africa
150,1,Canada
5755,1,United States
1362,1,France
11773,1,Canada
1974,1,French Polynesia
1574,1,Czech Republic
9778,1,United States
6797,1,Austria
1019,1,Lesotho
6020,1,Philippines
5427,1,Papua New Guinea
3029,1,Sri Lanka
5644,1,Namibia
451,1,Finland
2254,1,Micronesia
9277,1,United Kingdom
8877,1,United States
9488,1,United States
8100,1,Germany
9511,1,United States
3727,1,United States
130,1,Canada
1530,1,Italy
3151,1,India
3043,1,Bhutan
3761,1,United States
3165,1,Thailand
11778,1,Canada
5616,1,Madagascar
2228,1,Pakistan
3841,1,United States
3682,1,Saint Pierre and Miquelon
7449,1,Uganda
3655,1,United States
860,1,South Africa
10062,1,United States
12673,1,United States
13485,1,China
11288,1,Indonesia
2691,1,Ecuador
8504,1,United States
10106,1,United States
723,1,Sweden
11936,1,Chile
1537,1,Italy
10138,1,United States
8745,1,Russia
3159,1,Thailand
2364,1,South Korea
1172,1,Sudan
11975,1,Belarus
2182,1,United Arab Emirates
983,1,Mozambique
5786,1,France
8790,1,United States
1000,1,Chad
8809,1,United States
5426,1,Papua New Guinea
2845,1,Venezuela
12445,1,Australia
3070,1,Bangladesh
1275,1,France
1880,1,Costa Rica
684,1,Sweden
8099,1,Germany
1499,1,Italy
6713,1,United States
8517,1,United States
10135,1,Mexico
13137,1,United States
1137,1,Egypt
9149,1,Brazil
2153,1,Iran
9156,1,Kazakhstan
7162,1,United States
1369,1,France
774,1,Germany
9379,1,Russia
8785,1,North Korea
13388,1,Greenland
3799,1,United States
5610,1,Botswana
624,1,Denmark
11838,1,United States
1859,1,Mexico
3874,1,United States
11878,1,Spain
5879,1,Tonga
3692,1,United States
14096,1,Hungary
7538,1,Germany
8982,1,United States
3783,1,United States
13584,1,Philippines
3593,1,United States
2995,1,India
6998,1,United States
8208,1,Greenland
4221,1,Australia
12026,1,Australia
13630,1,French Polynesia
5631,1,Angola
11638,1,United States
1640,1,Portugal
12444,1,Australia
2267,1,Taiwan
1272,1,France
13481,1,China
7485,1,Russia
3096,1,India
9500,1,United States
6313,1,Australia
323,1,Germany
7324,1,Suriname
7350,1,Guyana
4351,1,Norway
1756,1,Dominican Republic
557,1,United Kingdom
762,1,Germany
3998,1,Slovenia
7576,1,Australia
20,1,Iceland
6229,1,Indonesia
232,1,Algeria
832,1,South Africa
3041,1,India
7653,1,United States
11867,1,United States
2876,1,Dominica
5880,1,Tonga
1286,1,France
505,1,United Kingdom
5913,1,Vanuatu
3532,1,United States
1133,1,Egypt
10744,1,United Kingdom
11951,1,Kazakhstan
358,1,Germany
8965,1,United Kingdom
3581,1,United States
1192,1,Bulgaria
803,1,South Africa
1404,1,France
3998,1,Malta
6807,1,Australia
6208,1,Indonesia
3228,1,Burma
1245,1,Spain
9854,1,China
3062,1,India
2462,1,Argentina
8869,1,United States
1883,1,Costa Rica
884,1,Congo (Kinshasa)
9089,1,Brazil
9901,1,Australia
8106,1,Germany
13714,1,South Sudan
314,1,Belgium
10137,1,Canada
777,1,Germany
8379,1,United States
981,1,Mozambique
8182,1,United States
784,1,Germany
13384,1,Greenland
7787,1,Germany
9394,1,Iceland
